source_file,string_address,function_address
"Game\CChampionshipProgression.cpp",004e2320,00013c50
"Game\CChampionshipProgression.cpp",004e23c0,00013f00
"Game\CChampionshipProgression.cpp",004e2460,00013f00
"Game\CChaseLogic.cpp",004e2ebc,000146e0
"Game\CCrashForCashData.cpp",004e3bc0,00015a30
"Game\CCrashForCashData.cpp",004e3c38,00015a30
"Game\CCrashForCashData.cpp",004e3cb0,00015c10
"Game\CCrashForCashData.cpp",004e3d28,00015c10
"Game\CCrashForCashData.cpp",004e3da0,00015c90
"Game\CCrashForCashData.cpp",004e3e20,00015c90
"Game\CCrashForCashData.cpp",004e3e98,00015e20
"Game\CCrashForCashData.cpp",004e3f10,00015e20
"Game\CCrashForCashData.cpp",004e3f88,00015e80
"Game\CCrashForCashData.cpp",004e4000,00015e80
"Game\CCrashForCashData.cpp",004e4088,00015e80
"Game\CCrashForCashData.cpp",004e4110,00015e80
"Game\CCrashForCashLogic.cpp",004e43e0,00016060
"Game\CCrashForCashLogic.cpp",004e4448,000163b0
"Game\CDebugManager.cpp",004e5150,000165f0
"Game\CDebugManager.cpp",004e5598,00018b00
"Game\CDebugManager.cpp",004e5618,00018b00
"Game\CDebugManager.cpp",004e5690,00018c20
"Game\CDebugManager.cpp",004e5720,00018c20
"Game\CDebugManager.cpp",004e5798,00018d60
"Game\CDrivingLessonProgression.cpp",004e6410,0001a4b0
"Game\CDrivingLessonProgression.cpp",004e6500,0001ab10
"Game\CFrontEnd.cpp",004e6c7c,0001b1e0
"Game\CGame.cpp",004e7664,0001bc20
"Game\CGame.cpp",004e76c8,0001bc20
"Game\CGame.cpp",004e772c,0001bc20
"Game\CGame.cpp",004e778c,0001bc20
"Game\CGame.cpp",004e77ec,0001bc20
"Game\CGame.cpp",004e784c,0001bc20
"Game\CGame.cpp",004e78b4,0001bc20
"Game\CGame.cpp",004e7914,0001bc20
"Game\CGame.cpp",004e7978,0001bc20
"Game\CGame.cpp",004e79e0,0001bc20
"Game\CGame.cpp",004e7a40,0001bc20
"Game\CGame.cpp",004e7aa0,0001bc20
"Game\CGame.cpp",004e7b04,0001bc20
"Game\CGame.cpp",004e7b6c,0001bc20
"Game\CGameLogic.cpp",004e8234,0001c2b0
"Game\CGameLogic.cpp",004e82bc,0001c2b0
"Game\CGameLogic.cpp",004e8344,0001c2b0
"Game\CGameMode.cpp",004e8a60,0001d590
"Game\CGameMode.cpp",004e8ae0,0001d590
"Game\CGameMode.cpp",004e8b60,0001d590
"Game\CGameMode.cpp",004e8be0,0001d590
"Game\CGameMode.cpp",004e8c60,0001d590
"Game\CGameMode.cpp",004e8cbc,0001d590
"Game\CLessonLogic.cpp",004e959c,0001e000
"Game\COnePlayerFaceOff.cpp",004ea970,0001f460
"Game\COnePlayerPursuit.cpp",004ebd40,00020630
"Game\CProfile.cpp",004ed1c8,00021c30
"Game\CProfile.cpp",004ed230,00021f50
"Game\CRaceResult.cpp",004ed914,000222f0
"Game\CRaceResult.cpp",004ed98c,000222f0
"Game\CRecords.cpp",004edc58,00023810
"Game\CSettings.cpp",004ee30c,00023a50
"Game\CTurnBasedGameMode.cpp",0050ee30,00025130
"Game\CTurnBasedGameMode.cpp",0050eeb0,00025130
"Game\CTurnBasedGameMode.cpp",0050ef30,00025310
"Game\CTurnBasedGameMode.cpp",0050efb0,000253f0
"Game\CTurnBasedGameMode.cpp",0050f030,000254e0
"Game\CTurnBasedGameMode.cpp",0050f0b0,000255b0
"Game\CTurnBasedGameMode.cpp",0050f130,00025680
"Game\CTurnBasedGameMode.cpp",0050f1b0,00025740
"Game\CTurnBasedGameMode.cpp",0050f230,00025800
"Game\CTurnBasedGameMode.cpp",0050f2b0,000258c0
"Game\CTurnBasedGameMode.cpp",0050f330,00025980
"Game\CTurnBasedGameMode.cpp",0050f3b0,00025a70
"Game\CTurnBasedGameMode.cpp",0050f440,00025a70
"Game\CTurnBasedGameMode.cpp",0050f4c0,00025b30
"Game\CTurnBasedGameMode.cpp",0050f540,00025b30
"Game\CTurnBasedGameMode.cpp",0050f5c0,00025cb0
"Game\CTurnBasedGameMode.cpp",0050f640,00025d30
"Game\CTurnBasedGameMode.cpp",0050f6c8,00025d30
"Game\CTurnBasedGameMode.cpp",0050f748,00025f00
"Game\CTurnBasedGameMode.cpp",0050f7d0,00025f00
"Game\CTurnBasedGameMode.cpp",0050f858,00025f80
"Game\CTurnBasedGameMode.cpp",0050f8e0,00026040
"Game\CTwoPlayerSSGameMode.cpp",00510628,00027640
"Game\CTwoPlayerSSGameMode.cpp",00510698,00027680
"Game\CValueDatabase.cpp",00511be8,00027db0
"Game\CValueDatabase.cpp",00511c68,00027db0
"Game\CValueDatabase.cpp",00511ce8,00027db0
"Game\CValueDatabase.cpp",00511d50,00027db0
"Game\CValueDatabase.cpp",00511db8,00027db0
"Game\CValueDatabase.cpp",00511e40,00027db0
"Game\CValueDatabase.cpp",00511ed0,00027db0
"Game\CValueDatabase.cpp",00511f40,00027db0
"Game\CValueDatabase.cpp",00511fb8,00027db0
"Game\CValueDatabase.cpp",00512028,00027db0
"Game\CValueDatabase.cpp",00512098,00027db0
"Game\CValueDatabase.cpp",00512130,00027db0
"Game\CValueDatabase.cpp",005121a8,00027db0
"Game\CValueDatabase.cpp",00512230,00027db0
"Game\CValueDatabase.cpp",005122a0,00027db0
"Game\CValueDatabase.cpp",00512310,00027db0
"Game\CValueDatabase.cpp",00512410,00027db0
"Game\CValueDatabase.cpp",00512498,00028260
"Game\CValueDatabase.cpp",00512558,00028370
"Game\CValueDatabase.cpp",005125e0,00028440
"Game\CValueDatabase.cpp",00512668,00028510
"Game\CValueDatabase.cpp",005126f0,000285d0
"Game\CValueDatabase.cpp",00512758,00028680
"Game\CValueDatabase.cpp",005127d8,00028680
"Game\CValueDatabase.cpp",00512858,00028680
"Game\CValueDatabase.cpp",005128e0,00028680
"Game\CValueDatabase.cpp",00512998,000288d0
"Game\CValueDatabase.cpp",00512a18,000288d0
"Game\CValueDatabase.cpp",00512a98,000288d0
"Game\CValueDatabase.cpp",00512b20,000288d0
"Game\CValueDatabase.cpp",00512ba0,000288d0
"Game\CValueDatabase.cpp",00512c20,000288d0
"Game\CValueDatabase.cpp",00512ca8,000288d0
"Game\CValueDatabase.cpp",00512d60,00028d40
"Game\CValueDatabase.cpp",00512dc0,00028d40
"Game\CValueDatabase.cpp",00512eb0,00028d40
"Game\CValueDatabase.cpp",00512f20,00028d40
"Game\CValueDatabase.cpp",00512fa8,00028d40
"Game\CValueDatabase.cpp",00513050,00028d40
"Game\CValueDatabase.cpp",005130f8,00028d40
"Game\CValueDatabase.cpp",00513180,00028d40
"Game\CValueDatabase.cpp",00513228,00028d40
"Game\CValueDatabase.cpp",005132b0,00028d40
"Game\CValueDatabase.cpp",00513340,00028d40
"Game\CValueDatabase.cpp",00513410,00028d40
"Game\CValueDatabase.cpp",005134f8,00028d40
"Game\CValueDatabase.cpp",005135b0,00028d40
"Game\CValueDatabase.cpp",00513640,00028d40
"Game\CValueDatabase.cpp",005136e8,00028d40
"Game\CValueDatabase.cpp",00513770,00028d40
"Game\CValueDatabase.cpp",00513850,00028d40
"Game\CValueDatabase.cpp",00513930,00029de0
"Game\CValueDatabase.cpp",005139d8,00029de0
"Game\CValueDatabase.cpp",00513a70,00029de0
"Game\CValueDatabase.cpp",00513af0,00029f20
"Game\CValueDatabase.cpp",00513b58,00029f20
"Game\CValueEditor.cpp",00514294,0002a010
"Game\CValueEditor.cpp",00514348,0002a120
"Game\CValueEditor.cpp",00514530,0002aa30
"Game\CValueEditor.cpp",00514590,0002aa30
"Game\CValueEditor.cpp",005145f0,0002aa30
"Game\CValueEditor.cpp",00514650,0002aa30
"Game\CValueEditor.cpp",005146b8,0002bd10
"HUD\CHudComponentBonus.cpp",00515780,0002ed20
"HUD\CHudComponentBonus.cpp",00515808,0002ed20
"HUD\CHudComponentBonus.cpp",00515890,0002ed20
"HUD\CHudComponentBonus.cpp",00515908,0002ed20
"HUD\CHudComponentBonus.cpp",00515990,0002ed20
"HUD\CHudComponentBonus.cpp",00515a08,0002ed20
"HUD\CHudComponentBonus.cpp",00515a90,0002ed20
"HUD\CHudComponentBonus.cpp",00515b00,0002ed20
"HUD\CHudComponentBonus.cpp",00515b98,0002e150
"HUD\CHudComponentBonus.cpp",005161d0,0002ea90
"HUD\CHudComponentBurn.cpp",00516568,0002fa30
"HUD\CHudComponentCountdown.cpp",00516e80,00030930
"HUD\CHudComponentCountdown.cpp",00516ef8,00030930
"HUD\CHudComponentCountdown.cpp",00516f70,00030930
"HUD\CHudComponentCountdown.cpp",00517008,000306e0
"HUD\CHudComponentCountdown.cpp",00517098,00030750
"HUD\CHudComponentCrashDamageScore.cpp",00517810,00031400
"HUD\CHudComponentCrashDamageScore.cpp",005178e0,00031470
"HUD\CHudComponentCrashDamageScore.cpp",005179a0,00031690
"HUD\CHudComponentCrashDamageScore.cpp",00517a20,00031d70
"HUD\CHudComponentCrashDamageScore.cpp",00517ae8,00031d70
"HUD\CHudComponentCrashScore.cpp",00518308,000321a0
"HUD\CHudComponentCrashScore.cpp",005183b0,00032400
"HUD\CHudComponentCrashScore.cpp",00518458,00032400
"HUD\CHudComponentCrashValue.cpp",00518b80,00032790
"HUD\CHudComponentCrashValue.cpp",00518bf8,00033300
"HUD\CHudComponentCrashValue.cpp",00518c70,00033300
"HUD\CHudComponentCrashValue.cpp",00518d10,000333e0
"HUD\CHudComponentEscapeDistance.cpp",00519408,00033500
"HUD\CHudComponentEscapeDistance.cpp",005194c0,00033800
"HUD\CHudComponentHealth.cpp",00519bc8,000338f0
"HUD\CHudComponentHealth.cpp",00519c80,00033ce0
"HUD\CHudComponentLapHistory.cpp",0051a370,000340f0
"HUD\CHudComponentLapHistory.cpp",0051a3f0,000340f0
"HUD\CHudComponentLapHistory.cpp",0051a470,000340f0
"HUD\CHudComponentLapHistory.cpp",0051a4f8,000340f0
"HUD\CHudComponentLapHistory.cpp",0051a578,000340f0
"HUD\CHudComponentLapHistory.cpp",0051a600,000340f0
"HUD\CHudComponentLapHistory.cpp",0051a688,000340f0
"HUD\CHudComponentLapHistory.cpp",0051a708,000340f0
"HUD\CHudComponentLapHistory.cpp",0051a790,000340f0
"HUD\CHudComponentLapHistory.cpp",0051a818,000340f0
"HUD\CHudComponentLapHistory.cpp",0051a8a0,000340f0
"HUD\CHudComponentLapHistory.cpp",0051a918,000340f0
"HUD\CHudComponentLapHistory.cpp",0051a9b8,00033f70
"HUD\CHudComponentLapHistory.cpp",0051aa50,00033fd0
"HUD\CHudComponentLapHistory.cpp",0051aad0,00034c50
"HUD\CHudComponentLapHistory.cpp",0051ab58,00034c50
"HUD\CHudComponentLapTimes.cpp",0051b240,00035000
"HUD\CHudComponentLapTimes.cpp",0051b2c0,00035000
"HUD\CHudComponentLapTimes.cpp",0051b338,00035000
"HUD\CHudComponentLapTimes.cpp",0051b3b0,00035000
"HUD\CHudComponentLapTimes.cpp",0051b428,00035000
"HUD\CHudComponentLapTimes.cpp",0051b4a0,00035000
"HUD\CHudComponentLapTimes.cpp",0051b520,00035000
"HUD\CHudComponentLapTimes.cpp",0051b5b8,00034de0
"HUD\CHudComponentLapTimes.cpp",0051b648,00034e40
"HUD\CHudComponentLessonInfo.cpp",0051bd48,000357f0
"HUD\CHudComponentLessonInfo.cpp",0051be08,00035920
"HUD\CHudComponentMessage.cpp",0051c530,00037230
"HUD\CHudComponentMessage.cpp",0051c5c0,00037230
"HUD\CHudComponentMessage.cpp",0051c658,000368a0
"HUD\CHudComponentMessage.cpp",0051c6f0,000369c0
"HUD\CHudComponentPlacing.cpp",0051ce00,00038010
"HUD\CHudComponentPlacing.cpp",0051cea8,000380b0
"HUD\CHudComponentPos.cpp",0051d5a8,00038240
"HUD\CHudComponentScore.cpp",0051dc88,00038820
"HUD\CHudComponentScore.cpp",0051dd00,00038820
"HUD\CHudComponentScore.cpp",0051dd88,00038820
"HUD\CHudComponentScore.cpp",0051de10,00038820
"HUD\CHudComponentScore.cpp",0051de80,00038820
"HUD\CHudComponentScore.cpp",0051df18,00038590
"HUD\CHudComponentScore.cpp",0051dfa0,000385f0
"HUD\CHudComponentScore.cpp",0051e018,00038ea0
"HUD\CHudComponentSeparator.cpp",0051e708,00038f10
"HUD\CHudComponentSeparator.cpp",0051e770,00039090
"HUD\CHudComponentSpeedo.cpp",0051ee88,000396f0
"HUD\CHudComponentSpeedo.cpp",0051ef00,000396f0
"HUD\CHudComponentSpeedo.cpp",0051ef98,000396f0
"HUD\CHudComponentSpeedo.cpp",0051f018,000396f0
"HUD\CHudComponentSpeedo.cpp",0051f0b0,0003ace0
"HUD\CHudComponentSpeedo.cpp",0051f130,0003ace0
"HUD\CHudComponentSpeedo.cpp",0051f1e0,0003b860
"HUD\CHudComponentSpeedo.cpp",0051f258,0003b860
"HUD\CHudComponentSpeedo.cpp",0051f2f0,0003b860
"HUD\CHudComponentSpeedo.cpp",0051f370,0003b860
"HUD\CHudComponentSpeedo.cpp",0051f408,000390c0
"HUD\CHudComponentSpeedo.cpp",0051f4c0,00039120
"HUD\CHudComponentSpeedo.cpp",0051f570,00039120
"HUD\CHudComponentSpeedo.cpp",0051f600,000391e0
"HUD\CHudComponentSpeedo.cpp",0051f668,000391e0
"HUD\CHudComponentSpeedo.cpp",0051f6f8,000391e0
"HUD\CHudComponentSplitTimes.cpp",0051fe10,0003d380
"HUD\CHudComponentSplitTimes.cpp",0051fe90,0003d380
"HUD\CHudComponentSplitTimes.cpp",0051ff20,0003d380
"HUD\CHudComponentSplitTimes.cpp",0051ffb0,0003d380
"HUD\CHudComponentSplitTimes.cpp",00520040,0003d380
"HUD\CHudComponentSplitTimes.cpp",005200d0,0003d380
"HUD\CHudComponentSplitTimes.cpp",00520160,0003d380
"HUD\CHudComponentSplitTimes.cpp",005201f0,0003d380
"HUD\CHudComponentSplitTimes.cpp",00520280,0003d380
"HUD\CHudComponentSplitTimes.cpp",00520310,0003d380
"HUD\CHudComponentSplitTimes.cpp",00520390,0003d380
"HUD\CHudComponentSplitTimes.cpp",00520420,0003d380
"HUD\CHudComponentSplitTimes.cpp",005204c0,0003ca50
"HUD\CHudComponentSplitTimes.cpp",00520548,0003cab0
"HUD\CHudComponentSplitTimes.cpp",005205e0,0003cbc0
"HUD\CHudComponentSplitTimes.cpp",00520658,0003cbc0
"HUD\CHudComponentText.cpp",00520d60,0003eb00
"HUD\CHudComponentTotalTime.cpp",00521460,0003ed90
"HUD\CHudComponentTotalTime.cpp",00521518,0003efb0
"HUD\CHudComponentTotalTime.cpp",00521590,0003f0d0
"HUD\CHudComponentTotalTime.cpp",00521610,0003f0d0
"HUD\CHud.cpp",00514fe4,0002c250
"main_xbx.cpp",004e063c,000123c0
"Menu\CHeading2Text.cpp",00521cf0,0003f730
"Menu\CHeading2Text.cpp",00521d60,0003f730
"Menu\CMenuAudio.cpp",00522380,0003fae0
"Menu\CMenuGfxComponentBackdrop.cpp",00528938,00041fe0
"Menu\CMenuGfxComponentBorder.cpp",00529058,00042420
"Menu\CMenuGfxComponentButtonList.cpp",00529790,00042d10
"Menu\CMenuGfxComponentButtonListExtended.cpp",00529f40,00043ec0
"Menu\CMenuGfxComponentButtons.cpp",0052a640,00045580
"Menu\CMenuGfxComponentButtons.cpp",0052aaa8,00045830
"Menu\CMenuGfxComponentCar.cpp",0052adc0,00046830
"Menu\CMenuGfxComponentCar.cpp",0052ae38,00045ca0
"Menu\CMenuGfxComponentCar.cpp",0052aeb0,00045ca0
"Menu\CMenuGfxComponentCar.cpp",0052af48,00047030
"Menu\CMenuGfxComponentCarousel.cpp",0052b740,00047c40
"Menu\CMenuGfxComponentCarousel.cpp",0052b7e8,00047f70
"Menu\CMenuGfxComponentCarousel.cpp",0052b858,00047f70
"Menu\CMenuGfxComponentControllerLoss.cpp",0052c028,00049570
"Menu\CMenuGfxComponentControllerLoss.cpp",0052c0c0,00049610
"Menu\CMenuGfxComponentControllerLoss.cpp",0052c148,00049610
"Menu\CMenuGfxComponentCrashInfo.cpp",0052c878,00049c20
"Menu\CMenuGfxComponentCrashInfo.cpp",0052c938,00049d00
"Menu\CMenuGfxComponentFlag.cpp",0052d030,0004a080
"Menu\CMenuGfxComponentFlag.cpp",0052d0a8,0004a140
"Menu\CMenuGfxComponentFlag.cpp",0052d120,0004a140
"Menu\CMenuGfxComponentFlag.cpp",0052d188,0004a7a0
"Menu\CMenuGfxComponentGrandPrixSummary.cpp",0052d878,0004b830
"Menu\CMenuGfxComponentHeading2.cpp",0052e698,0004c650
"Menu\CMenuGfxComponentHeading2.cpp",0052e708,0004c770
"Menu\CMenuGfxComponentHeading.cpp",0052dfa0,0004c580
"Menu\CMenuGfxComponentIntroMessage.cpp",0052ee20,0004ced0
"Menu\CMenuGfxComponentLessonInfo.cpp",0052f520,0004d3d0
"Menu\CMenuGfxComponentLessonIntroMessage.cpp",0052fc28,0004d6f0
"Menu\CMenuGfxComponentLoading.cpp",00530328,0004d8a0
"Menu\CMenuGfxComponentNameEntryText.cpp",00530a20,0004deb0
"Menu\CMenuGfxComponentNameEntryText.cpp",00530ad8,0004df60
"Menu\CMenuGfxComponentPanel.cpp",005311d8,0004e600
"Menu\CMenuGfxComponentPanel.cpp",00531268,0004ec80
"Menu\CMenuGfxComponentPasscodeEntry.cpp",00531960,00050dc0
"Menu\CMenuGfxComponentPressStart.cpp",00532060,000510c0
"Menu\CMenuGfxComponentProfileView.cpp",00532758,00051540
"Menu\CMenuGfxComponentReplayR.cpp",00532e98,00052810
"Menu\CMenuGfxComponentResultsTable.cpp",00533590,00052a10
"Menu\CMenuGfxComponentResultsTable.cpp",00533628,00052bd0
"Menu\CMenuGfxComponentResultsTable.cpp",005336f0,00052bd0
"Menu\CMenuGfxComponentResultsTable.cpp",00533770,00052bd0
"Menu\CMenuGfxComponentResultsTable.cpp",005337e8,00052bd0
"Menu\CMenuGfxComponentResultsTable.cpp",005338a8,00052bd0
"Menu\CMenuGfxComponentResultsTable.cpp",00533918,00052bd0
"Menu\CMenuGfxComponentResultsTable.cpp",00533988,00052bd0
"Menu\CMenuGfxComponentResultsTable.cpp",005339f8,00052bd0
"Menu\CMenuGfxComponentResultsTable.cpp",00533a88,00052bd0
"Menu\CMenuGfxComponentResultsTable.cpp",00533b00,00054c90
"Menu\CMenuGfxComponentResultsTable.cpp",00533b78,00054c90
"Menu\CMenuGfxComponentResultsTable.cpp",00533c00,00054c90
"Menu\CMenuGfxComponentResultsTable.cpp",00533ca0,00054c90
"Menu\CMenuGfxComponentResultsTable.cpp",00533d18,00054c90
"Menu\CMenuGfxComponentSettingsList.cpp",00534468,00055210
"Menu\CMenuGfxComponentSettingsList.cpp",005344d8,00055df0
"Menu\CMenuGfxComponentSettingsList.cpp",00534548,00055f80
"Menu\CMenuGfxComponentSplashScreen.cpp",00534c40,00056a40
"Menu\CMenuGfxComponentSubHeading.cpp",00535338,00056db0
"Menu\CMenuGfxComponentSummary.cpp",00535a30,00057620
"Menu\CMenuGfxComponentSummary.cpp",00535ac0,00057750
"Menu\CMenuGfxComponentSummary.cpp",00535b50,00057750
"Menu\CMenuGfxComponentSummary.cpp",00535bf0,00057750
"Menu\CMenuGfxComponentSummary.cpp",00535c70,00057b30
"Menu\CMenuGfxComponentSummary.cpp",00535cf8,00057c90
"Menu\CMenuGfxComponentSummary.cpp",00535d78,00057cd0
"Menu\CMenuGfxComponentSummary.cpp",00535df8,00057d20
"Menu\CMenuGfxComponentSummary.cpp",00535e80,00057d70
"Menu\CMenuGfxComponentSummary.cpp",00535f00,00057db0
"Menu\CMenuGfxComponentSummary.cpp",00535f78,00057db0
"Menu\CMenuGfxComponentSummary.cpp",00536008,00057db0
"Menu\CMenuGfxComponentTable.cpp",005386b8,00058880
"Menu\CMenuGfxComponentTrackMap.cpp",00538db0,00059270
"Menu\CMenuGfxComponentTrackMap.cpp",00538e28,00059460
"Menu\CMenuGfxComponentTrackMap.cpp",00538ea8,00059460
"Menu\CMenuGfxComponentTrackMap.cpp",00538f28,00059460
"Menu\CMenuGfxComponentTrackMap.cpp",00538fa8,00059460
"Menu\CMenuGfxComponentTrackMap.cpp",00539028,00059460
"Menu\CMenuGfxComponentTrackMap.cpp",005390a0,00059460
"Menu\CMenuGfxComponentTrackMap.cpp",00539120,00059460
"Menu\CMenuGfxComponentTrackMap.cpp",005391a0,00059460
"Menu\CMenuGfxComponentTrackMap.cpp",00539220,00059460
"Menu\CMenuGfxComponentTrackMap.cpp",005392a0,00059460
"Menu\CMenuGfx.cpp",00527bec,0003fe40
"Menu\CMenuGfx.cpp",00527c4c,0003fe40
"Menu\CMenuGfx.cpp",00527cc0,0003fe40
"Menu\CMenuGfx.cpp",00527d20,00041160
"Menu\CMenuGfx.cpp",00527d88,00041160
"Menu\CMenuGfx.cpp",00527e0c,000419a0
"Menu\CMenuGfx.cpp",00527e80,000419a0
"Menu\CMenuGfx.cpp",00527f00,000419a0
"Menu\CMenuGfx.cpp",00527f60,000419a0
"Menu\CMenuGfx.cpp",00527fd0,000419a0
"Menu\CMenuGfx.cpp",00528040,000419a0
"Menu\CMenuGfx.cpp",0052809c,00041d30
"Menu\CMenuGfx.cpp",005280f8,00041d30
"Menu\CMenuGfx.cpp",00528154,00041d30
"Menu\CMenuManager.cpp",00539f10,0005a7b0
"Menu\CMenuManager.cpp",00539fa0,0005a7b0
"Menu\CMenuManager.cpp",0053a03c,0005a8b0
"Menu\CMenuManager.cpp",0053a0dc,0005a9a0
"Menu\CMenuManager.cpp",0053a16c,0005bb50
"Menu\CMenuManager.cpp",0053a1fc,0005bbc0
"Menu\CMenuManager.cpp",0053a284,0005be90
"Menu\CMenuManager.cpp",0053a304,0005be90
"Menu\CMenuManager.cpp",0053a380,0005be90
"Menu\CMenuManager.cpp",0053a3f8,0005bf30
"Menu\CMenuManager.cpp",0053a46c,0005bf30
"Menu\CMenuManager.cpp",0053a510,0005bf30
"Menu\CMenuManager.cpp",0053a588,0005c0f0
"Menu\CMenuManager.cpp",0053a600,0005c0f0
"Menu\CMenuManager.cpp",0053a6a0,0005c0f0
"Menu\CMenuManager.cpp",0053a75c,0005c0f0
"Menu\CMenuManager.cpp",0053a7dc,0005c0f0
"Menu\CMenuManager.cpp",0053a870,0005c0f0
"Menu\CMenuManager.cpp",0053a8d4,0005c520
"Menu\CMenuManager.cpp",0053a938,0005c520
"Menu\CMenuPageChampionshipSelect.cpp",0053b830,0005ed10
"Menu\CMenuPageCredits.cpp",0053e2f0,000606b0
"Menu\CMenuPageCredits.cpp",0053e370,00060b30
"Menu\CMenuPageCredits.cpp",0053e400,00060b30
"Menu\CMenuPageCredits.cpp",0053e488,00060b30
"Menu\CMenuPageCredits.cpp",0053e508,00060b30
"Menu\CMenuPageCredits.cpp",0053e590,00060b30
"Menu\CMenuPageCredits.cpp",0053e610,00060b30
"Menu\CMenuPageMemoryCardXbox.cpp",005418b8,00063990
"Menu\CMenuPageMemoryCardXbox.cpp",00541968,00064d50
"Menu\CMenuPageMemoryCardXbox.cpp",005419d8,000654f0
"Menu\CMenuPageOutro.cpp",00542d78,000666e0
"Menu\CMenuPagePause.cpp",00543468,00066af0
"Menu\CMenuPagePause.cpp",005434f8,00066af0
"Menu\CMenuPagePause.cpp",00543568,00067f10
"Menu\CMenuPagePause.cpp",005435d8,00067f10
"Menu\CMenuPageRecordsOnline.cpp",00544cc0,00069360
"Menu\CMenuPageRecordsSignOn.cpp",005453a0,0006ad70
"Menu\CMenuPageSettings.cpp",00546ab8,0006cf30
"Menu\CMenuPageSettings.cpp",00546b40,0006cf30
"Menu\CMenuPageSettings.cpp",00546ba8,0006cf30
"Menu\CMenuPageSettings.cpp",00546c30,0006d490
"Menu\CMenuPageSettings.cpp",00546cc0,0006d490
"Menu\CMenuPageSettings.cpp",00546d48,0006d490
"Menu\CMenuPageSettings.cpp",00546dd0,0006d950
"Menu\CMenuPageSettings.cpp",00546e58,0006dab0
"Menu\CMenuResultsScreens.cpp",00548c28,000707c0
"Menu\CMenuResultsScreens.cpp",00548cc0,00070860
"Menu\CMenuResultsScreens.cpp",00548d58,000708e0
"Menu\CMenuResultsScreens.cpp",00548e00,00070970
"Menu\CMenuResultsScreens.cpp",00548e98,000709f0
"Menu\CMenuResultsScreens.cpp",00548f30,00070a70
"Menu\CMenuResultsScreens.cpp",00548fc8,00070af0
"Menu\CMenuResultsScreens.cpp",00549060,00070b70
"Menu\CMenuResultsScreens.cpp",005490e0,00070bf0
"Menu\CMenuResultsScreens.cpp",00549180,00070cd0
"Menu\CMenuResultsScreens.cpp",00549218,00070d80
"Menu\CMenuResultsScreens.cpp",00549298,000761b0
"Menu\CMenuResultsScreens.cpp",00549300,000761b0
"Menu\CMenuResultsScreens.cpp",00549368,00077800
"Menu\CMenuResultsScreens.cpp",005497f0,00076bf0
"Menu\CMusicPlaylist.cpp",00549ac8,00078270
"Networking\CPlayerStats.cpp",0058efa8,0015a850
"Networking\CPlayerStats.cpp",0058f010,0015a850
"Networking\CPlayerStats.cpp",0058f080,0015a850
"Networking\CPlayerStats.cpp",0058f0f0,0015a850
"Networking\CPlayerStats.cpp",0058f160,0015a850
"Networking\CPlayerStats.cpp",0058f1c8,0015a850
"Networking\CPlayerStats.cpp",0058f230,0015a850
"Networking\CPlayerStats.cpp",0058f2a0,0015a850
"Networking\CPlayerStats.cpp",0058f310,0015aa80
"Networking\CPlayerStats.cpp",0058f368,0015aad0
"Networking\CPlayerStats.cpp",0058f3e8,0015ab10
"Networking\CPlayerStats.cpp",0058f440,0015ab60
"Networking\CPlayerStats.cpp",0058f4c0,0015aba0
"Networking\CPlayerStats.cpp",0058f518,0015abf0
"Networking\CPlayerStats.cpp",0058f598,0015ac30
"Networking\CPlayerStats.cpp",0058f5f0,0015ac80
"Networking\CPlayerStats.cpp",0058f670,0015acc0
"Networking\CPlayerStats.cpp",0058f6c8,0015ad10
"Networking\CPlayerStats.cpp",0058f740,0015ad10
"Networking\CPlayerStats.cpp",0058f7b8,0015ad90
"Networking\CPlayerStats.cpp",0058f810,0015ade0
"Networking\CPlayerStats.cpp",0058f888,0015ae20
"Networking\CPlayerStats.cpp",0058f8e0,0015ae80
"Networking\CPlayerStats.cpp",0058f950,0015ae80
"Networking\CPlayerStats.cpp",0058f9d0,0015aef0
"Networking\CXBMemUnit.cpp",0058fad0,0015b020
"Networking\CXBMemUnit.cpp",0058fb48,0015b020
"Networking\CXBMemUnit.cpp",0058fbe8,0015b0f0
"Networking\CXBMemUnit.cpp",0058fc40,0015b150
"Networking\CXBMemUnit.cpp",0058fc98,0015b1c0
"Networking\CXBMemUnit.cpp",0058fcf8,0015b1c0
"Networking\CXBMemUnit.cpp",0058fd58,0015b1c0
"Networking\CXBMemUnit.cpp",0058fdd8,0015b260
"Networking\CXBMemUnit.cpp",0058fe28,0015b2e0
"Networking\CXBMemUnit.cpp",0058fe88,0015b3f0
"Networking\CXBMemUnit.cpp",0058fed8,0015b430
"Networking\CXBMemUnit.cpp",0058ff28,0015b470
"Networking\CXBMemUnit.cpp",0058ff78,0015b4b0
"Networking\CXBMemUnit.cpp",0058ffd8,0015b4b0
"Networking\CXBOnline.cpp",00590050,0015b910
"Networking\CXBOnline.cpp",005900c0,0015bd00
"Networking\CXBOnline.cpp",00590120,0015bd60
"Networking\CXBOnline.cpp",00590180,0015bde0
"Networking\CXBOnline.cpp",005901d8,0015bfd0
"Networking\CXBOnlineStats.cpp",00590710,0015f020
"Networking\CXBOnlineStats.cpp",00590778,0015f020
"Networking\CXBOnlineStats.cpp",005907e8,0015f020
"Networking\CXBOnlineStats.cpp",00590858,0015f5a0
"Networking\CXBOnlineStats.cpp",005908d8,00160bd0
"Networking\CXBOnlineStats.cpp",00590948,00160bd0
"Networking\CXBOnlineStats.cpp",005909b8,00160bd0
"Networking\CXBOnlineStats.cpp",00590a18,00160bd0
"Networking\CXBOnlineStats.cpp",00590a78,00160bd0
"Networking\CXBOnlineStats.cpp",00590ae8,00160bd0
"Networking\CXBOnlineStats.cpp",00590b58,00160bd0
"Networking\CXBOnlineStats.cpp",00590bc8,00160bd0
"Networking\CXBOnlineStats.cpp",00590c38,00160bd0
"Networking\CXBOnlineTask.cpp",00590c98,00165c00
"Physics\CAICarPhysics.cpp",0054a948,000790a0
"Physics\CAICarPhysics.cpp",0054a9c0,000790a0
"Physics\CAICarPhysics.cpp",0054aa38,000790a0
"Physics\CAICarPhysics.cpp",0054aab0,000790a0
"Physics\CAICarPhysics.cpp",0054ab30,000790a0
"Physics\CAICarPhysics.cpp",0054aba8,00079ba0
"Physics\CAICarPhysics.cpp",0054ac20,00079ba0
"Physics\CCollidingBody.cpp",0054ae30,0007b400
"Physics\CCollidingBody.cpp",0054aea8,0007b400
"Physics\CCollidingBody.cpp",0054af28,0007cb10
"Physics\CCollidingBody.cpp",0054afd0,0007d1a0
"Physics\CCollidingBody.cpp",0054b050,0007d360
"Physics\CCollidingBody.cpp",0054b0c0,0007d820
"Physics\CCollidingBody.cpp",0054b138,0007d820
"Physics\CCollidingBody.cpp",0054b1a8,0007def0
"Physics\CCollidingBody.cpp",0054b220,0007daa0
"Physics\CCollidingBody.cpp",0054b2a8,0007ecb0
"Physics\CCollidingBody.cpp",0054b328,000804b0
"Physics\CCollidingBody.cpp",0054b3a0,000804b0
"Physics\CCollidingBody.cpp",0054b428,00080180
"Physics\CCollidingBody.cpp",0054b4b0,00080180
"Physics\CCollidingBody.cpp",0054b540,000808c0
"Physics\CCollidingBody.cpp",0054b5c0,000808c0
"Physics\CCollidingBody.cpp",0054b640,000808c0
"Physics\CCollidingTrafficPhysics.cpp",0054bc10,000828e0
"Physics\CRaceCarPhysics.cpp",0054ce48,00089360
"Physics\NonFatalTrafficCollisionStuff.cpp",0054da70,000971b0
"Physics\NonFatalTrafficCollisionStuff.cpp",0054db18,000971b0
"Physics\NonFatalTrafficCollisionStuff.cpp",0054dba8,000971b0
"Physics\NonFatalTrafficCollisionStuff.cpp",0054dc40,00095f80
"Physics\NonFatalTrafficCollisionStuff.cpp",0054dce0,00095f80
"Race\CAIArbitrator.cpp",0054e468,00099ef0
"Race\CAIAvoidance.cpp",0054e8a0,0009a420
"Race\CAIAvoidance.cpp",0054e928,0009a420
"Race\CAIAvoidance.cpp",0054e9cc,0009a420
"Race\CAIAvoidance.cpp",0054ea3c,0009a420
"Race\CAIAvoidance.cpp",0054eaac,0009a420
"Race\CAIAvoidance.cpp",0054eb1c,0009a420
"Race\CAIAvoidance.cpp",0054eb8c,0009a420
"Race\CAIAvoidance.cpp",0054ebfc,0009a420
"Race\CAIAvoidance.cpp",0054ec74,0009a420
"Race\CAIAvoidance.cpp",0054ecec,0009a420
"Race\CAIAvoidance.cpp",0054ed64,0009a420
"Race\CAIAvoidance.cpp",0054ede4,0009a420
"Race\CAIAvoidance.cpp",0054ee94,0009a420
"Race\CAIAvoidance.cpp",0054ef14,0009a420
"Race\CAIAvoidance.cpp",0054ef74,0009a760
"Race\CAIAvoidance.cpp",0054efe4,0009a760
"Race\CAIAvoidance.cpp",0054f054,0009a760
"Race\CAIAvoidance.cpp",0054f0dc,0009a760
"Race\CAIAvoidance.cpp",0054f14c,0009a760
"Race\CAIAvoidance.cpp",0054f1cc,0009a760
"Race\CAIAvoidance.cpp",0054f27c,0009a760
"Race\CAIAvoidance.cpp",0054f2f4,0009a760
"Race\CAIAvoidance.cpp",0054f374,0009a760
"Race\CAIAvoidance.cpp",0054f424,0009a760
"Race\CAIAvoidance.cpp",0054f4a4,0009a760
"Race\CAIAvoidance.cpp",0054fa3c,0009ab80
"Race\CAIAvoidance.cpp",0054fb14,0009ab80
"Race\CAIAvoidance.cpp",0054ff04,0009b320
"Race\CAIAvoidance.cpp",0054ff68,0009c6c0
"Race\CAIAvoidance.cpp",0054ffcc,0009c6c0
"Race\CAIAvoidance.cpp",00550034,0009c6c0
"Race\CAIAvoidance.cpp",00550098,0009c6c0
"Race\CAIAvoidance.cpp",005500f8,0009c6c0
"Race\CAIAvoidance.cpp",00550178,0009c6c0
"Race\CAIAvoidance.cpp",00550220,0009c6c0
"Race\CAIAvoidance.cpp",005502a0,0009c6c0
"Race\CAIAvoidance.cpp",00550348,0009c6c0
"Race\CAIAvoidance.cpp",005503c8,0009c6c0
"Race\CAIAvoidance.cpp",00550470,0009c6c0
"Race\CAIAvoidance.cpp",005504f0,0009c6c0
"Race\CAIAvoidance.cpp",00550598,0009c6c0
"Race\CAIAvoidance.cpp",00550618,0009c6c0
"Race\CAIAvoidance.cpp",005506c0,0009c6c0
"Race\CAIAvoidance.cpp",00550740,0009c6c0
"Race\CAIAvoidance.cpp",005507e8,0009c6c0
"Race\CAIAvoidance.cpp",00550848,0009c6c0
"Race\CAIAvoidance.cpp",005508c8,0009c6c0
"Race\CAIAvoidance.cpp",00550970,0009c6c0
"Race\CAIAvoidance.cpp",005509f0,0009c6c0
"Race\CAIAvoidance.cpp",00550a98,0009c6c0
"Race\CAIAvoidance.cpp",00550b18,0009c6c0
"Race\CAIAvoidance.cpp",00550bc0,0009c6c0
"Race\CAIAvoidance.cpp",00550c3c,0009c6c0
"Race\CAIAvoidance.cpp",00550cc0,0009c6c0
"Race\CAIAvoidance.cpp",00550d3c,0009c6c0
"Race\CAIAvoidance.cpp",00550dc0,0009c6c0
"Race\CAIAvoidance.cpp",00550e3c,0009c6c0
"Race\CAIAvoidance.cpp",00550ec0,0009c6c0
"Race\CAIAvoidance.cpp",00550f3c,0009c6c0
"Race\CAIAvoidance.cpp",00550fc0,0009c6c0
"Race\CAIAvoidance.cpp",00551034,0009c6c0
"Race\CAIAvoidance.cpp",005510e8,0009c6c0
"Race\CAIAvoidance.cpp",00551194,0009e350
"Race\CAIAvoidance.cpp",00551234,0009e350
"Race\CAIAvoidance.cpp",005512a4,0009e350
"Race\CAIAvoidance.cpp",00551318,0009e550
"Race\CAIAvoidance.cpp",0055138c,0009e550
"Race\CAIAvoidance.cpp",00551410,0009fbb0
"Race\CAIAvoidance.cpp",00551490,000a1380
"Race\CAIAvoidance.cpp",00551510,000a1380
"Race\CAIAvoidance.cpp",005515b8,000a1380
"Race\CAIAvoidance.cpp",00551638,000a1380
"Race\CAIAvoidance.cpp",005516c0,000a1570
"Race\CAIAvoidance.cpp",00551738,000a1570
"Race\CAIAvoidance.cpp",005517b0,000a1570
"Race\CAIAvoidance.cpp",00551828,000a1570
"Race\CAIAvoidance.cpp",00551890,000a17a0
"Race\CAIAvoidance.cpp",005518f0,000a17a0
"Race\CAIAvoidance.cpp",00551978,000a17a0
"Race\CAIAvoidance.cpp",005519e0,000a17a0
"Race\CAIAvoidance.cpp",00551a68,000a17a0
"Race\CAIAvoidance.cpp",00551af0,000a17a0
"Race\CAIAvoidance.cpp",00551b60,000a1a30
"Race\CAIAvoidance.cpp",00551bd4,000a1c30
"Race\CAIAvoidance.cpp",00551c38,000a1c30
"Race\CAIAvoidance.cpp",00551ca4,000a1c30
"Race\CAIAvoidance.cpp",00551d2c,000a1c30
"Race\CAIAvoidance.cpp",00551db4,000a1c30
"Race\CAIAvoidance.cpp",00551e38,000a2070
"Race\CAIAvoidance.cpp",00551ebc,000a2070
"Race\CAIAvoidance.cpp",00551f38,000a2070
"Race\CAIAvoidance.cpp",00551fd4,000a2070
"Race\CAICar.cpp",00552798,000a4780
"Race\CAICar.cpp",005527fc,000a4780
"Race\CAICar.cpp",00552898,000a4780
"Race\CAICar.cpp",00552938,000a4780
"Race\CAICar.cpp",005529a0,000a4780
"Race\CAICar.cpp",00552a08,000a4780
"Race\CAICar.cpp",00554130,000a87d0
"Race\CAICar.cpp",00554194,000a87d0
"Race\CAICar.cpp",005543a8,000a87d0
"Race\CAICar.cpp",005549a4,000a9be0
"Race\CAICar.cpp",00554a24,000a9be0
"Race\CAICar.cpp",00554aa8,000a9be0
"Race\CAICar.cpp",00554b2c,000a9be0
"Race\CAICar.cpp",00554ba8,000a9be0
"Race\CAICar.cpp",00554c28,000a9be0
"Race\CAICar.cpp",00554ca8,000a9be0
"Race\CAICar.cpp",00554d28,000a9be0
"Race\CAICar.cpp",00554da4,000a9be0
"Race\CAICar.cpp",00554e24,000a9be0
"Race\CAICar.cpp",00554ea4,000a9be0
"Race\CAICar.cpp",00554f24,000a9be0
"Race\CAICar.cpp",00554fa8,000a9be0
"Race\CAICar.cpp",0055502c,000a9be0
"Race\CAICar.cpp",0055509c,000aa160
"Race\CAICar.cpp",00555110,000aa160
"Race\CAICar.cpp",00555180,000aa160
"Race\CAICar.cpp",00555270,000ab3e0
"Race\CAICar.cpp",005552d0,000ab3e0
"Race\CAICar.cpp",0055532c,000ab640
"Race\CAICar.cpp",00555390,000ab640
"Race\CAICar.cpp",005553fc,000ab830
"Race\CAICar.cpp",00555460,000aba10
"Race\CAICar.cpp",005554c4,000aba10
"Race\CAICar.cpp",0055553c,000aba10
"Race\CAIDriver.cpp",00556244,000ac180
"Race\CAIDriver.cpp",005562a8,000ac180
"Race\CAIDriver.cpp",0055631c,000ac180
"Race\CAIDriver.cpp",0055638c,000ac180
"Race\CAIDriver.cpp",005563e8,000ac180
"Race\CAIDriver.cpp",00556450,000ad1c0
"Race\CAIDriver.cpp",005564e0,000ad1c0
"Race\CAITarget.cpp",00556ef0,000add90
"Race\CAITarget.cpp",00556f50,000add90
"Race\CAITarget.cpp",00556fec,000ae080
"Race\CAITarget.cpp",00557084,000ae080
"Race\CAITarget.cpp",005570fc,000ae080
"Race\CAITarget.cpp",00557198,000ae080
"Race\CAITarget.cpp",00557210,000ae080
"Race\CAITarget.cpp",005572b0,000ae080
"Race\CAITarget.cpp",00557328,000ae080
"Race\CAITarget.cpp",005573c4,000ae080
"Race\CAITarget.cpp",0055743c,000ae080
"Race\CAITarget.cpp",005574d4,000ae080
"Race\CAITarget.cpp",00557530,000ae080
"Race\CAITarget.cpp",005575cc,000ae080
"Race\CAITarget.cpp",00557664,000ae080
"Race\CAITarget.cpp",005576cc,000ae080
"Race\CAITarget.cpp",005577a8,000af200
"Race\CAITarget.cpp",005578b0,000af200
"Race\CAITarget.cpp",0055794c,000af200
"Race\CAITarget.cpp",005579e4,000af200
"Race\CAITarget.cpp",00557a7c,000af200
"Race\CAITarget.cpp",00557b14,000af200
"Race\CAITarget.cpp",00557bac,000af200
"Race\CAITarget.cpp",00557c44,000af200
"Race\CAITarget.cpp",00557cbc,000af200
"Race\CAITarget.cpp",00557d48,000af200
"Race\CAITarget.cpp",00557dc0,000af200
"Race\CAITarget.cpp",00557e4c,000af200
"Race\CAITarget.cpp",00557ee4,000af200
"Race\CAITarget.cpp",00557f5c,000af200
"Race\CAITarget.cpp",00557fe8,000af200
"Race\CAITarget.cpp",00558060,000af200
"Race\CAITarget.cpp",005580ec,000af200
"Race\CAITarget.cpp",00558184,000af200
"Race\CAITarget.cpp",005581f8,000b02b0
"Race\CAITarget.cpp",00558314,000b02b0
"Race\CAITarget.cpp",005583bc,000b02b0
"Race\CAITarget.cpp",00558464,000b02b0
"Race\CAITarget.cpp",005584d8,000b02b0
"Race\CAITarget.cpp",005585fc,000b02b0
"Race\CAITarget.cpp",00558678,000b0590
"Race\CAITarget.cpp",00558794,000b0590
"Race\CAITarget.cpp",0055883c,000b0590
"Race\CAITarget.cpp",005588e4,000b0590
"Race\CAITarget.cpp",0055898c,000b0590
"Race\CAITarget.cpp",00558a34,000b0590
"Race\CAITarget.cpp",00558ab8,000b0590
"Race\CAITarget.cpp",00558b34,000b0590
"Race\CAITarget.cpp",00558c24,000b0590
"Race\CAITarget.cpp",00558ca8,000b0590
"Race\CAITarget.cpp",00558d44,000b0590
"Race\CAITarget.cpp",00558dd0,000b0590
"Race\CAITarget.cpp",00558e54,000b0590
"Race\CAITarget.cpp",00558eec,000b0590
"Race\CAITarget.cpp",00558f78,000b0590
"Race\CAITarget.cpp",00558ffc,000b0590
"Race\CAITarget.cpp",00559094,000b0590
"Race\CAITarget.cpp",00559120,000b0590
"Race\CAITarget.cpp",005591a4,000b0590
"Race\CAITarget.cpp",00559230,000b0590
"Race\CAITarget.cpp",005592cc,000b0590
"Race\CAITarget.cpp",00559364,000b0590
"Race\CAITarget.cpp",00559494,000b0590
"Race\CAITarget.cpp",0055953c,000b0590
"Race\CAITarget.cpp",005595e4,000b0590
"Race\CAITarget.cpp",0055968c,000b0590
"Race\CAITarget.cpp",00559734,000b0590
"Race\CAITarget.cpp",005597dc,000b0590
"Race\CAITarget.cpp",00559884,000b0590
"Race\CAITarget.cpp",005598f0,000b18f0
"Race\CAITarget.cpp",00559960,000b18f0
"Race\CAITarget.cpp",005599fc,000b18f0
"Race\CAITarget.cpp",00559a94,000b18f0
"Race\CAITarget.cpp",00559af8,000b2090
"Race\CAITarget.cpp",00559b64,000b2090
"Race\CAITarget.cpp",00559bcc,000b2090
"Race\CAITarget.cpp",00559c48,000b2090
"Race\CAITarget.cpp",00559cb0,000b2090
"Race\CAITarget.cpp",00559d34,000b2090
"Race\CAITarget.cpp",00559db8,000b2090
"Race\CAITarget.cpp",00559e34,000b2090
"Race\CAITarget.cpp",00559e9c,000b2090
"Race\CAITarget.cpp",00559f04,000b2090
"Race\CAITarget.cpp",00559f80,000b2090
"Race\CAITarget.cpp",00559fe4,000b2770
"Race\CAITarget.cpp",0055a050,000b2770
"Race\CAITarget.cpp",0055a0b8,000b2770
"Race\CAITarget.cpp",0055a134,000b2770
"Race\CAITarget.cpp",0055a19c,000b2770
"Race\CAITarget.cpp",0055a218,000b2770
"Race\CAITarget.cpp",0055a2c0,000b2770
"Race\CAITarget.cpp",0055a33c,000b2770
"Race\CAITarget.cpp",0055a3e0,000b2770
"Race\CAITarget.cpp",0055a464,000b2770
"Race\CAITarget.cpp",0055a4e8,000b2770
"Race\CAITarget.cpp",0055a56c,000b2770
"Race\CAITarget.cpp",0055a5e8,000b2770
"Race\CAITarget.cpp",0055a650,000b3040
"Race\CAITarget.cpp",0055a6b8,000b3040
"Race\CAITarget.cpp",0055a720,000b3150
"Race\CAITarget.cpp",0055a788,000b3150
"Race\CAITarget.cpp",0055a7f0,000b31f0
"Race\CAITarget.cpp",0055a85c,000b31f0
"Race\CAITarget.cpp",0055a8c4,000b31f0
"Race\CAITarget.cpp",0055a930,000b31f0
"Race\CAITarget.cpp",0055a9a8,000b31f0
"Race\CAITarget.cpp",0055aa20,000b31f0
"Race\CAITarget.cpp",0055aa98,000b31f0
"Race\CAITarget.cpp",0055ab14,000b31f0
"Race\CAITarget.cpp",0055ab90,000b31f0
"Race\CAITarget.cpp",0055ac0c,000b31f0
"Race\CAITarget.cpp",0055ac94,000b3810
"Race\CAITarget.cpp",0055ad04,000b3810
"Race\CAITarget.cpp",0055ad8c,000b3b00
"Race\CAITarget.cpp",0055ae14,000b3c00
"Race\CAITarget.cpp",0055ae7c,000b3c00
"Race\CAITarget.cpp",0055aee4,000b3d20
"Race\CAITarget.cpp",0055af68,000b3d20
"Race\CAITarget.cpp",0055afe4,000b3d20
"Race\CAITarget.cpp",0055b060,000b3d20
"Race\CAITarget.cpp",0055b0bc,000b40a0
"Race\CAITarget.cpp",0055b118,000b40a0
"Race\CAITarget.cpp",0055b184,000b40a0
"Race\CAITarget.cpp",0055b1ec,000b40a0
"Race\CAITarget.cpp",0055b270,000b40a0
"Race\CAITarget.cpp",0055b2e8,000b40a0
"Race\CAITarget.cpp",0055b388,000b40a0
"Race\CAITarget.cpp",0055b400,000b40a0
"Race\CAITarget.cpp",0055b4a0,000b40a0
"Race\CAITarget.cpp",0055b514,000b40a0
"Race\CAITarget.cpp",0055b5f0,000b44d0
"Race\CAITarget.cpp",0055b64c,000b44d0
"Race\CBlobbyShadow.cpp",0055b7b8,000b4fe0
"Race\CCheckpointTimes.cpp",0055bea0,000b6c00
"Race\CCheckpointTimes.cpp",0055bf20,000b6c40
"Race\CCheckpointTimes.cpp",0055bfa0,000b6c40
"Race\CCheckpointTimes.cpp",0055c020,000b6cc0
"Race\CCheckpointTimes.cpp",0055c0a0,000b6cc0
"Race\CGameData.cpp",0055c2e8,000b6ef0
"Race\CGameData.cpp",0055c34c,000b7030
"Race\CGameData.cpp",0055c3c8,000b7110
"Race\CGhostCar.cpp",0055c6b8,000b87a0
"Race\CGhostCar.cpp",0055c788,000b8ce0
"Race\CGhostCar.cpp",0055c7f8,000b8ce0
"Race\CGhostCar.cpp",0055c86c,000b8ce0
"Race\CHotspot.cpp",0055cb0c,000ba650
"Race\CHotspot.cpp",0055cb74,000ba650
"Race\CHotspot.cpp",0055cbf0,000ba650
"Race\CInterestOMeter.cpp",0055cdf0,000bacf0
"Race\CInterestOMeter.cpp",0055ce70,000bacf0
"Race\CInterestOMeter.cpp",0055cee0,000bacf0
"Race\CInterestOMeter.cpp",0055cf70,000bacf0
"Race\CInterestOMeter.cpp",0055cfd8,000bb370
"Race\CInterestOMeter.cpp",0055d040,000bb370
"Race\CLane.cpp",0055d234,000bb560
"Race\CLane.cpp",0055d29c,000bb560
"Race\CLane.cpp",0055d2fc,000bb560
"Race\CLane.cpp",0055d358,000bb560
"Race\CLane.cpp",0055d3c0,000bb560
"Race\CLane.cpp",0055d428,000bb560
"Race\CLane.cpp",0055d49c,000bb560
"Race\CLane.cpp",0055d4fc,000bb560
"Race\CLane.cpp",0055d56c,000bb560
"Race\CLane.cpp",0055d5cc,000bb950
"Race\CLane.cpp",0055d634,000bb950
"Race\CLane.cpp",0055d694,000bb950
"Race\CLane.cpp",0055d6f0,000bb950
"Race\CLane.cpp",0055d758,000bb950
"Race\CLane.cpp",0055d7c0,000bb950
"Race\CLane.cpp",0055d834,000bb950
"Race\CLane.cpp",0055d894,000bb950
"Race\CLane.cpp",0055d904,000bb950
"Race\CLane.cpp",0055d96c,000bbd50
"Race\CLane.cpp",0055d9cc,000bbd50
"Race\CLane.cpp",0055da28,000bbd50
"Race\CLane.cpp",0055da90,000bbd50
"Race\CLane.cpp",0055daf8,000bbd50
"Race\CLane.cpp",0055db6c,000bbd50
"Race\CLane.cpp",0055dbcc,000bc090
"Race\CLane.cpp",0055dc34,000bc090
"Race\CLane.cpp",0055dc94,000bc090
"Race\CLane.cpp",0055dcf0,000bc090
"Race\CLane.cpp",0055dd48,000bc090
"Race\CLane.cpp",0055ddb0,000bc090
"Race\CLane.cpp",0055de18,000bc090
"Race\CLane.cpp",0055deac,000bc090
"Race\CLane.cpp",0055df3c,000bc090
"Race\CLane.cpp",0055dfa8,000bc090
"Race\CLane.cpp",0055e020,000bc090
"Race\CLane.cpp",0055e0ac,000bc090
"Race\CLane.cpp",0055e124,000bc090
"Race\CLane.cpp",0055e1b0,000bc090
"Race\CLane.cpp",0055e228,000bc090
"Race\CLane.cpp",0055e2b4,000bc090
"Race\CLane.cpp",0055e32c,000bc090
"Race\CLane.cpp",0055e3b8,000bc090
"Race\CLane.cpp",0055e430,000bc090
"Race\CLane.cpp",0055e4bc,000bc090
"Race\CLane.cpp",0055e528,000bc090
"Race\CLane.cpp",0055e5a0,000bc090
"Race\CLane.cpp",0055e62c,000bc090
"Race\CLane.cpp",0055e694,000bc880
"Race\CLane.cpp",0055e6f4,000bc880
"Race\CLane.cpp",0055e750,000bc880
"Race\CLane.cpp",0055e7b8,000bc880
"Race\CLane.cpp",0055e820,000bc880
"Race\CLane.cpp",0055e8b4,000bc880
"Race\CLane.cpp",0055e90c,000bc880
"Race\CLane.cpp",0055e984,000bc880
"Race\CLane.cpp",0055e9fc,000bc880
"Race\CLane.cpp",0055ea88,000bc880
"Race\CLane.cpp",0055eae4,000bcba0
"Race\CLane.cpp",0055eb5c,000bcba0
"Race\CLane.cpp",0055ebc0,000bcba0
"Race\CLane.cpp",0055ec2c,000bcba0
"Race\CLane.cpp",0055ec88,000bcf10
"Race\CLane.cpp",0055ed00,000bcf10
"Race\CLane.cpp",0055ed64,000bcf10
"Race\CLane.cpp",0055edc4,000bd540
"Race\CLane.cpp",0055ee40,000bd540
"Race\CLane.cpp",0055eea0,000bd690
"Race\CLane.cpp",0055ef1c,000bd690
"Race\CLane.cpp",0055ef7c,000bd7a0
"Race\CLane.cpp",0055eff4,000bd7a0
"Race\CLane.cpp",0055f054,000bdc40
"Race\CLane.cpp",0055f0cc,000bdc40
"Race\CLane.cpp",0055f12c,000be0e0
"Race\CLane.cpp",0055f1a8,000be0e0
"Race\CLane.cpp",0055f208,000be1f0
"Race\CLane.cpp",0055f280,000be1f0
"Race\CLane.cpp",0055f2e0,000be300
"Race\CLane.cpp",0055f358,000be300
"Race\CLane.cpp",0055f3b8,000be3c0
"Race\CLane.cpp",0055f430,000be3c0
"Race\CLane.cpp",0055f490,000be440
"Race\CLane.cpp",0055f508,000be440
"Race\CLane.cpp",0055f568,000be550
"Race\CLane.cpp",0055f5e0,000be550
"Race\CLane.cpp",0055f640,000be610
"Race\CLane.cpp",0055f6b8,000be610
"Race\CLane.cpp",0055f734,000be690
"Race\CLane.cpp",0055f7b0,000be7b0
"Race\CLane.cpp",0055f828,000be8a0
"Race\CLane.cpp",0055f8a4,000be8a0
"Race\CLane.cpp",0055f914,000be8a0
"Race\CLane.cpp",0055f98c,000beb20
"Race\CLane.cpp",0055f9ec,000beb20
"Race\CLane.cpp",0055fa4c,000beb20
"Race\CLane.cpp",0055fac4,000bebf0
"Race\CLane.cpp",0055fb40,000bed30
"Race\CLane.cpp",0055fbac,000bed30
"Race\CLane.cpp",0055fc14,000bed30
"Race\CLane.cpp",0055fc78,000bed30
"Race\CLane.cpp",0055fcf0,000bee70
"Race\CLane.cpp",00560304,000c0180
"Race\CLane.cpp",0056037c,000c0180
"Race\CLane.cpp",005603e0,000c0180
"Race\CLane.cpp",00560458,000c0180
"Race\CLane.cpp",005604f8,000c0180
"Race\CLane.cpp",00560570,000c0180
"Race\CLane.cpp",00560610,000c0180
"Race\CLane.cpp",00560684,000c08a0
"Race\CLane.cpp",00560724,000c08a0
"Race\CLane.cpp",00560780,000c0940
"Race\CLane.cpp",00560800,000c0940
"Race\CLane.cpp",0056087c,000c0940
"Race\CPlayerCar.cpp",00560d94,000c0bb0
"Race\CPlayerCar.cpp",00560e00,000c0bb0
"Race\CPlayerCar.cpp",00560e7c,000c0bb0
"Race\CPlayerCar.cpp",00560ef0,000c1c20
"Race\CPlayerCar.cpp",00560f60,000c1e30
"Race\CPlayerCar.cpp",00561000,000c1e30
"Race\CPlayerCar.cpp",005610a0,000c1e30
"Race\CPlayerCar.cpp",00561114,000c1e30
"Race\CPlayerCar.cpp",005611b8,000c1e30
"Race\CPlayerCar.cpp",00561258,000c1e30
"Race\CPlayerCar.cpp",005612c0,000c1e30
"Race\CPlayerCar.cpp",0056134c,000c1e30
"Race\CRaceCar.cpp",005630f8,000c7d40
"Race\CRaceCar.cpp",0056318c,000c7f60
"Race\CRaceCar.cpp",005631ec,000c7f60
"Race\CRaceCar.cpp",00563264,000c7f60
"Race\CRaceCar.cpp",005633f8,000c7f60
"Race\CRaceCar.cpp",00563498,000c7f60
"Race\CRaceCar.cpp",005635a0,000c7f60
"Race\CRaceCar.cpp",00563648,000c7f60
"Race\CRaceCar.cpp",005636b8,000c7f60
"Race\CRaceCar.cpp",00563724,000c7f60
"Race\CRaceCar.cpp",0056378c,000c7f60
"Race\CRaceCar.cpp",005637fc,000c7f60
"Race\CRaceCar.cpp",00563868,000c7f60
"Race\CRaceCar.cpp",005638d0,000c7f60
"Race\CRaceCar.cpp",0056392c,000c7f60
"Race\CRaceCar.cpp",00563994,000c9410
"Race\CRaceCar.cpp",00563a30,000cbe00
"Race\CRaceCar.cpp",00563a94,000cbe00
"Race\CRaceCar.cpp",00563b00,000cc370
"Race\CRaceCar.cpp",00563b8c,000cc5f0
"Race\CRaceCar.cpp",00563c18,000cc5f0
"Race\CRaceCar.cpp",00563ca4,000cc5f0
"Race\CRaceCar.cpp",00563d4c,000cc5f0
"Race\CRaceCar.cpp",00563dd8,000cc5f0
"Race\CRaceCar.cpp",00563e84,000cc5f0
"Race\CRaceCar.cpp",00563f10,000cc5f0
"Race\CRaceCar.cpp",00563fbc,000cc5f0
"Race\CRaceCar.cpp",00564048,000cc5f0
"Race\CRaceCar.cpp",005640c4,000cc5f0
"Race\CRaceCar.cpp",0056416c,000cc5f0
"Race\CRaceCar.cpp",005641f8,000cc5f0
"Race\CRaceCar.cpp",005642a4,000cc5f0
"Race\CRaceCar.cpp",00564330,000cc5f0
"Race\CRaceCar.cpp",005643fc,000cc5f0
"Race\CRaceCar.cpp",00564488,000cc5f0
"Race\CRaceCar.cpp",00564514,000cc5f0
"Race\CRaceCar.cpp",00564608,000cd860
"Race\CRace.cpp",0056175c,000c2e30
"Race\CRace.cpp",00561844,000c5fa0
"Race\CRace.cpp",005618c0,000c5fa0
"Race\CRace.cpp",00561934,000c6680
"Race\CRace.cpp",00561998,000c6680
"Race\CRace.cpp",00561a08,000c6680
"Race\CRace.cpp",00561a68,000c6680
"Race\CRace.cpp",00561ae8,000c6680
"Race\CRace.cpp",00561bc4,000c6680
"Race\CRace.cpp",00561c60,000c6680
"Race\CRace.cpp",00561cd4,000c6680
"Race\CRace.cpp",00561d2c,000c6680
"Race\CRace.cpp",00561d9c,000c6680
"Race\CRace.cpp",00561e00,000c6680
"Race\CRace.cpp",00561e90,000c6fd0
"Race\CRace.cpp",00561f08,000c6fd0
"Race\CRace.cpp",00561f90,000c6fd0
"Race\CRace.cpp",00561ff8,000c7260
"Race\CRace.cpp",00562070,000c7260
"Race\CRace.cpp",005620f0,000c7610
"Race\CRaceIntroManager.cpp",00564c50,000cd950
"Race\CRaceIntroManager.cpp",00564d00,000cd950
"Race\CRaceIntroManager.cpp",00564db0,000cd950
"Race\CRaceIntroManager.cpp",00564e28,000cdeb0
"Race\CRaceIntroManager.cpp",00564ea0,000cdeb0
"Race\CRaceIntroManager.cpp",00564f10,000cdeb0
"Race\CRaceIntroManager.cpp",00564f80,000cdeb0
"Race\CRaceIntroManager.cpp",00564ff0,000cdeb0
"Race\CRaceIntroManager.cpp",00565098,000ce110
"Race\CRaceIntroManager.cpp",00565148,000ce110
"Race\CRaceIntroManager.cpp",005651b8,000ce420
"Race\CRaceIntroManager.cpp",00565250,000ce6f0
"Race\CRaceIntroManager.cpp",005652c8,000ce920
"Race\CRaceIntroManager.cpp",00565340,000ce920
"Race\CRaceIntroManager.cpp",005653b8,000ce920
"Race\CRaceIntroManager.cpp",00565430,000ce920
"Race\CRacePosition.cpp",00565748,000cf840
"Race\CRacePosition.cpp",005657b0,000cffa0
"Race\CRacePosition.cpp",00565810,000cffa0
"Race\CRacePosition.cpp",005658a0,000d0450
"Race\CReplayCameraData.cpp",00566b60,000d24e0
"Race\CReplayCameraData.cpp",00566c18,000d2710
"Race\CReplayCameraData.cpp",00566cd0,000d2710
"Race\CReplayCameraData.cpp",00566d88,000d2710
"Race\CReplayCameraData.cpp",00566e40,000d2710
"Race\CReplayCameraData.cpp",00566f28,000d2710
"Race\CReplayTriggerManager.cpp",00567540,000d2f90
"Race\CReplayTriggerManager.cpp",005675e0,000d3700
"Race\CReplayTriggerManager.cpp",00567658,000d3700
"Race\CReplayTriggerManager.cpp",005676d0,000d3700
"Race\CReplayTriggerManager.cpp",00567748,000d3700
"Race\CReplayTriggerManager.cpp",005677c0,000d3700
"Race\CReplayTriggerManager.cpp",00567838,000d3700
"Race\CReplayTriggerManager.cpp",005678b0,000d3700
"Race\CReplayTriggerManager.cpp",00567930,000d3700
"Race\CReplayTriggerManager.cpp",005679a8,000d3be0
"Race\CReplayTriggerManager.cpp",00567a20,000d3be0
"Race\CReplayTriggerManager.cpp",00567a98,000d3be0
"Race\CReplayTriggerManager.cpp",00567b10,000d3be0
"Race\CReplayTriggerManager.cpp",00567b88,000d3be0
"Race\CReplayTriggerManager.cpp",00567c00,000d3be0
"Race\CScore.cpp",00568548,000d5cb0
"Race\CScore.cpp",005685cc,000d5cb0
"Race\CScore.cpp",00568634,000d5f00
"Race\CScore.cpp",005686b8,000d5f00
"Race\CScore.cpp",00568748,000d6200
"Race\CScore.cpp",005687c4,000d6f60
"Race\CScore.cpp",0056883c,000d6f60
"Race\CScore.cpp",0056889c,000d71b0
"Race\CScore.cpp",0056890c,000d71b0
"Race\CScore.cpp",00568990,000d71b0
"Race\CTrack.cpp",0056b1ec,000e2860
"Race\CTrack.cpp",0056b258,000e2860
"Race\CTrack.cpp",0056b2c4,000e2860
"Race\CTrafficAxle.cpp",0056b73c,000e30a0
"Race\CTrafficAxle.cpp",0056b7ac,000e33a0
"Race\CTrafficAxle.cpp",0056b81c,000e33a0
"Race\CTrafficAxle.cpp",0056b888,000e33a0
"Race\CTrafficGenerator.cpp",0056baa0,000e4250
"Race\CTrafficManager.cpp",0056c058,000e5560
"Race\CTrafficManager.cpp",0056c0e8,000e58d0
"Race\CTrafficManager.cpp",0056c160,000e58d0
"Race\CTrafficManager.cpp",0056c1d8,000e58d0
"Race\CTrafficParam.cpp",0056c3e0,000e7b80
"Race\CTrafficParam.cpp",0056c440,000e7b80
"Race\CTrafficParam.cpp",0056c4a8,000e7b80
"Race\CTrafficParam.cpp",0056c530,000e7b80
"Race\CTrafficParam.cpp",0056c5a0,000e7b80
"Race\CTrafficParam.cpp",0056c610,000e7b80
"Race\CTrafficParam.cpp",0056c690,000e7b80
"Race\CTrafficParam.cpp",0056c710,000e7b80
"Race\CTrafficParam.cpp",0056c790,000e7b80
"Race\CTrafficParam.cpp",0056c810,000e7b80
"Race\CTrafficParam.cpp",0056c890,000e7b80
"Race\CTrafficParam.cpp",0056c920,000e7b80
"Race\CTrafficParam.cpp",0056c9b0,000e7b80
"Race\CTrafficParam.cpp",0056ca40,000e7b80
"Race\CTrafficParam.cpp",0056cac0,000e8210
"Race\CTrafficParam.cpp",0056cb40,000e8210
"Race\CTrafficParam.cpp",0056cbc0,000e8210
"Race\CTrafficParam.cpp",0056cc20,000e8210
"Race\CTrafficParam.cpp",0056cc80,000e8210
"Race\CTrafficParam.cpp",0056cd18,000e85b0
"Race\CTrafficParam.cpp",0056cdb0,000e85b0
"Race\CTrafficParam.cpp",0056ce48,000e85b0
"Race\CTrafficParam.cpp",0056cee0,000e85b0
"Race\CTrafficSystem.cpp",0056d2c0,000e9260
"Race\CTrafficSystem.cpp",0056d330,000eb0c0
"Race\CTrafficSystem.cpp",0056d3a8,000eb0c0
"Race\CTrafficSystem.cpp",0056d430,000eb0c0
"Race\CTrafficSystem.cpp",0056d518,000eb600
"Race\CTrafficSystem.cpp",0056d5c8,000eb600
"Race\CTrafficSystem.cpp",0056d660,000ebbd0
"Race\CTrafficSystem.cpp",0056d6e0,000ebcc0
"Race\CTrafficSystem.cpp",0056d780,000ebda0
"Race\CTrafficSystem.cpp",0056d800,000ebe70
"Race\CTrafficSystem.cpp",0056d888,000ebf30
"Race\CTrafficSystem.cpp",0056d910,000ebf30
"Race\CTrafficSystem.cpp",0056d998,000ebf30
"Race\CTrafficSystem.cpp",0056da18,000ebf30
"Race\CTrafficSystem.cpp",0056dac0,000ebf30
"Race\CTrafficSystem.cpp",0056db48,000ebf30
"Race\CTrafficSystem.cpp",0056dbc8,000ebf30
"Race\CTrafficSystem.cpp",0056dc38,000ebf30
"Race\CTrafficSystem.cpp",0056dcc0,000ebf30
"Race\CTrafficSystem.cpp",0056dd40,000ebf30
"Race\CTrafficSystem.cpp",0056dde8,000ebf30
"Race\CTrafficSystem.cpp",0056de70,000ebf30
"Race\CTrafficSystem.cpp",0056def0,000ebf30
"Race\CTrafficSystem.cpp",0056df98,000ebf30
"Race\CTrafficSystemDraw.cpp",0056e258,000ec840
"Race\CTrafficVehicle.cpp",0056e740,000f15b0
"Race\CTrafficVehicle.cpp",0056e7b0,000f2b40
"Race\CTrafficVehicle.cpp",0056e820,000f3c10
"Race\CTrigger.cpp",0056eba8,000f4f70
"Race\CTrigger.cpp",0056ec24,000f4f70
"Race\CTriggerManager.cpp",0056efe0,000f5680
"Race\CTriggerManager.cpp",0056f048,000f5680
"Race\CTriggerManager.cpp",0056f0b8,000f5680
"Race\Xbox\CStaticWorldXbox.cpp",00568c70,000d78a0
"Race\Xbox\CStaticWorldXbox.cpp",00568d18,000d7b50
"Race\Xbox\CStaticWorldXbox.cpp",00568ea8,000d8340
"Race\Xbox\CStaticWorldXbox.cpp",00568f38,000d8340
"Race\Xbox\CStaticWorldXbox.cpp",00568fb0,000d8340
"Race\Xbox\CStaticWorldXbox.cpp",00569048,000d8950
"Race\Xbox\CStaticWorldXbox.cpp",005690c0,000d8950
"Race\Xbox\CStaticWorldXbox.cpp",00569158,000d8a60
"Race\Xbox\CStaticWorldXbox.cpp",00569228,000d8a60
"Race\Xbox\CStaticWorldXbox.cpp",005692d0,000d8a60
"Race\Xbox\CStaticWorldXbox.cpp",00569388,000d8a60
"Race\Xbox\CStaticWorldXbox.cpp",00569418,000d9140
"Race\Xbox\CStaticWorldXbox.cpp",00569490,000d9b10
"Race\Xbox\CStaticWorldXbox.cpp",00569510,000d9c10
"Race\Xbox\CStaticWorldXbox.cpp",005695a0,000d9c10
"Race\Xbox\CStaticWorldXbox.cpp",00569618,000d9c10
"Race\Xbox\CStaticWorldXbox.cpp",005696a8,000d9d90
"Race\Xbox\CStaticWorldXbox.cpp",00569720,000d9d90
"Race\Xbox\CStaticWorldXbox.cpp",00569798,000da2b0
"Race\Xbox\CStaticWorldXbox.cpp",00569828,000da2b0
"Race\Xbox\CStaticWorldXbox.cpp",005698a0,000da2b0
"Race\Xbox\CStaticWorldXbox.cpp",00569908,000da2b0
"Race\Xbox\CStreamedWorldXbox.cpp",00569f18,000dc8b0
"Race\Xbox\CStreamedWorldXbox.cpp",00569fc0,000dcb80
"Race\Xbox\CStreamedWorldXbox.cpp",0056a038,000dcb80
"Race\Xbox\CStreamedWorldXbox.cpp",0056a0e8,000dcb80
"Race\Xbox\CStreamedWorldXbox.cpp",0056a160,000dcdc0
"Race\Xbox\CStreamedWorldXbox.cpp",0056a1d8,000dcdc0
"Race\Xbox\CStreamedWorldXbox.cpp",0056a260,000dcdc0
"Race\Xbox\CStreamedWorldXbox.cpp",0056a320,000dcdc0
"Race\Xbox\CStreamedWorldXbox.cpp",0056a3a8,000dcdc0
"Race\Xbox\CStreamedWorldXbox.cpp",0056a468,000dcdc0
"Race\Xbox\CStreamedWorldXbox.cpp",0056a4e8,000dd510
"Race\Xbox\CStreamedWorldXbox.cpp",0056a560,000dd510
"Race\Xbox\CStreamedWorldXbox.cpp",0056a610,000dd880
"Race\Xbox\CStreamedWorldXbox.cpp",0056a688,000dda10
"Race\Xbox\CStreamedWorldXbox.cpp",0056a710,000df890
"Race\Xbox\CStreamedWorldXbox.cpp",0056a790,000dfff0
"Race\Xbox\CStreamedWorldXbox.cpp",0056a810,000e0ed0
"Race\Xbox\CStreamedWorldXbox.cpp",0056a8b0,000dd050
"Render\2d\C2dFontStreamData.cpp",0057d770,0012c880
"Render\2d\C2dFrameHierarchy.cpp",0057d860,0012ce50
"Render\2d\C2dFrameHierarchy.cpp",0057d8f0,0012cff0
"Render\2d\C2dFrameHierarchy.cpp",0057d980,0012cff0
"Render\2d\C2dFrameHierarchy.cpp",0057da18,0012d0e0
"Render\2d\C2dObject.cpp",0057db20,0012d8b0
"Render\2d\C2dObject.cpp",0057dba8,0012de50
"Render\2d\C2dObject.cpp",0057dc40,0012e250
"Render\2d\C2dObject.cpp",0057dcd0,0012ea10
"Render\2d\C2dObject.cpp",0057dd60,0012ed10
"Render\2d\C2dObject.cpp",0057ddd0,0012ff60
"Render\2d\C2dObject.cpp",0057de40,0012ff60
"Render\2d\C2dObject.cpp",0057dec0,0012ff60
"Render\2d\C2dObject.cpp",0057df38,0012ff60
"Render\2d\C2dScene.cpp",0057e008,00130370
"Render\2d\C2dScene.cpp",0057e088,00130370
"Render\2d\C2dScene.cpp",0057e110,00130a00
"Render\2d\C2dScene.cpp",0057e178,00130a00
"Render\2d\C2dScene.cpp",0057e1e0,00130a00
"Render\2d\C2dScene.cpp",0057e250,00130ae0
"Render\2d\C2dScene.cpp",0057e2c8,00130ae0
"Render\2d\Generic\C2dRenderer.cpp",0057e350,00131140
"Render\2d\Generic\C2dRenderer.cpp",0057e3d0,00131920
"Render\2d\Generic\C2dRenderer.cpp",0057e450,00131cc0
"Render\2d\Generic\C2dRenderer.cpp",0057e4d8,00131d20
"Render\2d\Generic\C2dRenderer.cpp",0057e570,00131d20
"Render\2d\Generic\C2dRenderer.cpp",0057e5f0,00131d20
"Render\2d\Generic\C2dRenderer.cpp",0057e670,00131db0
"Render\2d\Generic\C2dRenderer.cpp",0057e6f0,00132150
"Render\2d\Generic\C2dRenderer.cpp",0057e770,00132380
"Render\2d\Generic\C2dRenderer.cpp",0057e7e8,00132380
"Render\2d\Generic\C2dRenderer.cpp",0057e8b0,00132380
"Render\2d\Generic\C2dRenderer.cpp",0057e930,001324f0
"Render\2d\Generic\C2dRenderer.cpp",0057e9a8,001324f0
"Render\2d\Generic\C2dRenderer.cpp",0057ea70,001324f0
"Render\2d\Generic\C2dRenderer.cpp",0057eaf0,00132640
"Render\2d\Generic\C2dRenderer.cpp",0057eb70,00132670
"Render\2d\Generic\C2dRenderer.cpp",0057ebe8,00132670
"Render\2d\Generic\C2dRenderer.cpp",0057ec60,00132670
"Render\2d\Generic\C2dRenderer.cpp",0057ece0,00132900
"Render\2d\Generic\C2dRenderer.cpp",0057ed58,00132900
"Render\2d\Generic\C2dRenderer.cpp",0057edd0,00132900
"Render\2d\Generic\C2dRenderer.cpp",0057ee50,00132ab0
"Render\2d\Generic\C2dRenderer.cpp",0057eed0,00132c00
"Render\2d\Generic\C2dRenderer.cpp",0057ef50,00132d00
"Render\2d\Generic\C2dRenderer.cpp",0057efd0,00132e00
"Render\2d\Generic\C2dRenderer.cpp",0057f050,00132f80
"Render\2d\Generic\C2dRenderer.cpp",0057f0d0,00132fe0
"Render\2d\Generic\C2dRenderer.cpp",0057f150,00133040
"Render\2d\Generic\C2dRenderer.cpp",0057f1b8,001320a0
"Render\2d\Generic\C2dRenderer.cpp",0057f1b8,00132260
"Render\2d\Generic\C2dRenderer.cpp",0057f1b8,00131f60
"Render\CCamera.cpp",0056f6ac,000f6f20
"Render\CCamera.cpp",0056f724,000f70c0
"Render\CCamera.cpp",0056f78c,000f70c0
"Render\CCamera.cpp",0056f804,000f71d0
"Render\CCamera.cpp",0056f894,000f7360
"Render\CCamera.cpp",0056f928,000f74b0
"Render\CCamera.cpp",0056f994,000f7580
"Render\CCamera.cpp",0056fa18,000f7580
"Render\CCamera.cpp",0056fa9c,000f7580
"Render\CCamera.cpp",0056fb20,000f7580
"Render\CCamera.cpp",0056fba4,000f7580
"Render\CCamera.cpp",0056fc28,000f7580
"Render\CCamera.cpp",0056fcac,000f7580
"Render\CCamera.cpp",0056fd30,000f7580
"Render\CCamera.cpp",0056fdb4,000f7580
"Render\CCamera.cpp",0056fe38,000f7580
"Render\CCamera.cpp",0056febc,000f7580
"Render\CCamera.cpp",0056ff40,000f7580
"Render\CCamera.cpp",0056ffc4,000f7580
"Render\CCamera.cpp",00570050,000f7580
"Render\CCamera.cpp",005700d4,000f7580
"Render\CCameraSpline.cpp",00570140,000f7c30
"Render\CCoronas.cpp",00570414,000f8000
"Render\CCoronas.cpp",00570488,000f8000
"Render\CCoronas.cpp",005704fc,000f8000
"Render\CCoronas.cpp",0057056c,000f8000
"Render\CCoronas.cpp",005705f4,000f83c0
"Render\CCoronas.cpp",00570674,000f83c0
"Render\CCoronas.cpp",005706f8,000f83c0
"Render\CCoronas.cpp",00570788,000f83c0
"Render\CCoronas.cpp",00570810,000f8a90
"Render\CCoronas.cpp",00570874,000f8c30
"Render\CCoronas.cpp",005708ec,000f8c30
"Render\CCoronas.cpp",00570954,000fcf70
"Render\CCoronas.cpp",005709c4,000fd840
"Render\CCoronas.cpp",00570a30,000fdae0
"Render\CCoronas.cpp",00570ab8,000fdae0
"Render\CCoronas.cpp",00570b20,000f8e30
"Render\CCoronas.cpp",00570b20,000fdc90
"Render\CCrashReplayCamera.cpp",00571370,000fe440
"Render\CCrashReplayCamera.cpp",00571410,000ffbb0
"Render\CEffectsManager.cpp",00571e10,00102f90
"Render\CEffectsManager.cpp",00571e78,001030c0
"Render\CEffectsManager.cpp",00571f00,00103250
"Render\CEffectsManager.cpp",00571f78,00103250
"Render\CEffectsManager.cpp",00572008,001032f0
"Render\CEffectsManager.cpp",00572098,00103410
"Render\CEffectsManager.cpp",00572128,00103480
"Render\CEffectsManager.cpp",005721a8,00103ff0
"Render\CInGameCamera.cpp",00572f68,0010d120
"Render\CInGameCamera.cpp",00572fe0,0010d120
"Render\CInGameCamera.cpp",00573078,0010b6d0
"Render\CInGameCamera.cpp",00573110,0010b6d0
"Render\CModel.cpp",00573964,0010d880
"Render\CModel.cpp",005739c8,0010d980
"Render\CParticlesX.cpp",00573cd8,0010dc00
"Render\CParticlesX.cpp",00573d48,0010dc00
"Render\CParticlesX.cpp",00573da8,0010de70
"Render\CParticlesX.cpp",00573e18,0010de70
"Render\CParticlesX.cpp",00573e90,0010de70
"Render\CParticlesX.cpp",00573f00,0010f140
"Render\CParticlesX.cpp",00573f80,0010f140
"Render\CParticlesX.cpp",00574000,0010f140
"Render\CParticlesX.cpp",00574060,0010f140
"Render\CParticlesX.cpp",005740d0,00110c20
"Render\CParticlesX.cpp",00574140,00110c20
"Render\CParticlesX.cpp",005741a0,001110e0
"Render\CProjectedShadow.cpp",005744a8,001153f0
"Render\CProjectedShadow.cpp",00574530,001153f0
"Render\CProjectedShadow.cpp",005745b8,001153f0
"Render\CRaceIntroCamera.cpp",00574898,00116540
"Render\CRaceIntroCamera.cpp",00574940,00116540
"Render\CRaceIntroCamera.cpp",005749b8,00116830
"Render\CRaceReplayCamera.cpp",00574fc8,00116f90
"Render\CRaceReplayCamera.cpp",00575050,00116f90
"Render\CRaceReplayCamera.cpp",005750d0,00116f90
"Render\CRaceReplayCamera.cpp",00575158,00116f90
"Render\CRaceReplayCamera.cpp",005751d8,00116f90
"Render\CRaceReplayCamera.cpp",00575260,00116f90
"Render\CRaceReplayCamera.cpp",005752e8,00116f90
"Render\CRaceReplayCamera.cpp",00575370,00116f90
"Render\CRaceReplayCamera.cpp",005753f0,00116f90
"Render\CRaceReplayCamera.cpp",00575478,00116f90
"Render\CRaceReplayCamera.cpp",005754f8,00116f90
"Render\CRaceReplayCamera.cpp",00575580,00116f90
"Render\CRaceReplayCamera.cpp",00575600,00116f90
"Render\CRaceReplayCamera.cpp",00575688,00116f90
"Render\CRaceReplayCamera.cpp",00575708,00116f90
"Render\CRaceReplayCamera.cpp",00575790,00116f90
"Render\CRaceReplayCamera.cpp",00575810,00116f90
"Render\CRaceReplayCamera.cpp",00575898,00116f90
"Render\CRaceReplayCamera.cpp",00575918,00116f90
"Render\CRaceReplayCamera.cpp",005759a0,00116f90
"Render\CRaceReplayCamera.cpp",00575a20,00116f90
"Render\CRaceReplayCamera.cpp",00575aa0,00116f90
"Render\CRaceReplayCamera.cpp",00575b20,00116f90
"Render\CRaceReplayCamera.cpp",00575ba0,00116f90
"Render\CRaceReplayCamera.cpp",00575c20,00116f90
"Render\CRaceReplayCamera.cpp",00575ca0,00116f90
"Render\CRaceReplayCamera.cpp",00575d18,00117980
"Render\CRaceReplayCamera.cpp",00575da8,00117bc0
"Render\CRaceReplayCamera.cpp",00575e30,00117fd0
"Render\CRaceReplayCamera.cpp",00575eb0,001181c0
"Render\CRaceReplayCamera.cpp",00575f30,001181c0
"Render\CRaceReplayCamera.cpp",00575fb0,001181c0
"Render\CRaceReplayCamera.cpp",00576030,001181c0
"Render\CRaceReplayCamera.cpp",005760b0,001181c0
"Render\CRaceReplayCamera.cpp",00576130,001181c0
"Render\CRaceReplayCamera.cpp",005761b0,001181c0
"Render\CRaceReplayCamera.cpp",00576230,001181c0
"Render\CRaceReplayCamera.cpp",005762b0,001181c0
"Render\CRaceReplayCamera.cpp",00576330,001181c0
"Render\CRaceReplayCamera.cpp",005763b0,001181c0
"Render\CRaceReplayCamera.cpp",00576430,001181c0
"Render\CRaceReplayCamera.cpp",005764b0,00118700
"Render\CRaceReplayCamera.cpp",00576538,00118700
"Render\CRaceReplayCamera.cpp",005765b8,00118700
"Render\CRaceReplayCamera.cpp",00576640,00118700
"Render\CRaceReplayCamera.cpp",005766c0,00118700
"Render\CRaceReplayCamera.cpp",00576748,00118700
"Render\CRaceReplayCamera.cpp",005767c8,00118700
"Render\CRaceReplayCamera.cpp",00576848,00118700
"Render\CRaceReplayCamera.cpp",005768c8,00118700
"Render\CRaceReplayCamera.cpp",00576948,00118700
"Render\CRaceReplayCamera.cpp",005769c8,00118700
"Render\CRaceReplayCamera.cpp",00576a48,00118700
"Render\CRaceReplayCamera.cpp",00576ac8,00118700
"Render\CRaceReplayCamera.cpp",00576b48,00118700
"Render\CRaceReplayCamera.cpp",00576bc8,00118700
"Render\CRaceReplayCamera.cpp",00576c48,00118700
"Render\CRaceReplayCamera.cpp",00576cc8,00118700
"Render\CRaceReplayCamera.cpp",00576d48,00118700
"Render\CRaceReplayCamera.cpp",00576dc8,00118700
"Render\CRaceReplayCamera.cpp",00576e48,00118700
"Render\CRaceReplayCamera.cpp",00576ec8,00118700
"Render\CRaceReplayCamera.cpp",00576f48,00118700
"Render\CRaceReplayCamera.cpp",00576fc8,00118700
"Render\CRaceReplayCamera.cpp",00577048,00118700
"Render\CRaceReplayCamera.cpp",005770c8,00118eb0
"Render\CRaceReplayCamera.cpp",00577148,00118eb0
"Render\CRaceReplayCamera.cpp",005771c8,00118eb0
"Render\CRaceReplayCamera.cpp",00577248,00118eb0
"Render\CRaceReplayCamera.cpp",005772c8,00118eb0
"Render\CRaceReplayCamera.cpp",00577348,00118eb0
"Render\CRaceReplayCamera.cpp",005773c8,00118eb0
"Render\CRaceReplayCamera.cpp",00577448,00118eb0
"Render\CRaceReplayCamera.cpp",005774c8,00118eb0
"Render\CRaceReplayCamera.cpp",00577548,00118eb0
"Render\CRaceReplayCamera.cpp",005775c8,00118eb0
"Render\CRaceReplayCamera.cpp",00577648,00118eb0
"Render\CRaceReplayCamera.cpp",005776c8,00118eb0
"Render\CRaceReplayCamera.cpp",00577748,00118eb0
"Render\CRaceReplayCamera.cpp",005777c8,00118eb0
"Render\CRaceReplayCamera.cpp",00577848,00118eb0
"Render\CRaceReplayCamera.cpp",005778c8,00118eb0
"Render\CRaceReplayCamera.cpp",00577948,00118eb0
"Render\CRaceReplayCamera.cpp",005779c8,00118eb0
"Render\CRaceReplayCamera.cpp",00577a48,00118eb0
"Render\CRaceReplayCamera.cpp",00577ac8,00118eb0
"Render\CRaceReplayCamera.cpp",00577b48,00118eb0
"Render\CRaceReplayCamera.cpp",00577bc8,00118eb0
"Render\CRaceReplayCamera.cpp",00577c48,00118eb0
"Render\CRaceReplayCamera.cpp",00577cc8,00119830
"Render\CRaceReplayCamera.cpp",00577d48,00119830
"Render\CRaceReplayCamera.cpp",00577dc8,00119830
"Render\CRaceReplayCamera.cpp",00577e48,00119830
"Render\CRaceReplayCamera.cpp",00577ec8,00119830
"Render\CRaceReplayCamera.cpp",00577f48,00119830
"Render\CRaceReplayCamera.cpp",00577fc8,00119830
"Render\CRaceReplayCamera.cpp",00578048,00119830
"Render\CRaceReplayCamera.cpp",005780c8,00119830
"Render\CRaceReplayCamera.cpp",00578148,00119830
"Render\CRaceReplayCamera.cpp",005781c8,00119830
"Render\CRaceReplayCamera.cpp",00578248,00119830
"Render\CRaceReplayCamera.cpp",005782c8,00119830
"Render\CRaceReplayCamera.cpp",00578348,00119830
"Render\CRaceReplayCamera.cpp",005783c8,00119830
"Render\CRaceReplayCamera.cpp",00578448,00119830
"Render\CRaceReplayCamera.cpp",005784c8,00119830
"Render\CRaceReplayCamera.cpp",00578548,00119830
"Render\CRaceReplayCamera.cpp",005785c8,00119d80
"Render\CRaceReplayCamera.cpp",00578648,00119d80
"Render\CRaceReplayCamera.cpp",005786c8,00119d80
"Render\CRaceReplayCamera.cpp",00578748,00119d80
"Render\CRaceReplayCamera.cpp",005787c8,00119d80
"Render\CRaceReplayCamera.cpp",00578848,00119d80
"Render\CRaceReplayCamera.cpp",005788c8,00119d80
"Render\CRaceReplayCamera.cpp",00578948,00119d80
"Render\CRaceReplayCamera.cpp",005789c8,00119d80
"Render\CRaceReplayCamera.cpp",00578a48,00119d80
"Render\CRaceReplayCamera.cpp",00578ac8,00119d80
"Render\CRaceReplayCamera.cpp",00578b48,00119d80
"Render\CRaceReplayCamera.cpp",00578bc8,00119d80
"Render\CRaceReplayCamera.cpp",00578c48,00119d80
"Render\CRaceReplayCamera.cpp",00578cc8,00119d80
"Render\CRaceReplayCamera.cpp",00578d48,00119d80
"Render\CRaceReplayCamera.cpp",00578dc8,00119d80
"Render\CRaceReplayCamera.cpp",00578e48,00119d80
"Render\CRaceReplayCamera.cpp",00578ec8,00119d80
"Render\CRaceReplayCamera.cpp",00578f48,00119d80
"Render\CRaceReplayCamera.cpp",00578fc8,00119d80
"Render\CRaceReplayCamera.cpp",00579048,00119d80
"Render\CRaceReplayCamera.cpp",005790c8,00119d80
"Render\CRaceReplayCamera.cpp",00579148,00119d80
"Render\CRaceReplayCamera.cpp",005791c8,00119d80
"Render\CRaceReplayCamera.cpp",00579248,00119d80
"Render\CRaceReplayCamera.cpp",005792c8,00119d80
"Render\CRaceReplayCamera.cpp",00579348,00119d80
"Render\CRaceReplayCamera.cpp",005793c8,00119d80
"Render\CRaceReplayCamera.cpp",00579448,00119d80
"Render\CRaceReplayCamera.cpp",005794c8,00119d80
"Render\CRaceReplayCamera.cpp",00579548,00119d80
"Render\CRaceReplayCamera.cpp",005795c8,00119d80
"Render\CRaceReplayCamera.cpp",00579648,00119d80
"Render\CRaceReplayCamera.cpp",005796c8,00119d80
"Render\CRaceReplayCamera.cpp",00579748,00119d80
"Render\CRaceReplayCamera.cpp",005797d8,0011ad60
"Render\CRaceReplayCamera.cpp",00579850,0011ad60
"Render\CRaceReplayCamera.cpp",00579bd0,0011b6c0
"Render\CRaceReplayCamera.cpp",00579c50,0011b6c0
"Render\CRaceReplayCamera.cpp",00579cd0,0011b6c0
"Render\CRaceReplayCamera.cpp",00579d50,0011b6c0
"Render\CRaceReplayCamera.cpp",00579dd0,0011b6c0
"Render\CRaceReplayCamera.cpp",00579e50,0011b6c0
"Render\CRaceReplayCamera.cpp",00579ed0,0011b6c0
"Render\CRaceReplayCamera.cpp",00579f50,0011b6c0
"Render\CRaceReplayCamera.cpp",00579fd0,0011b6c0
"Render\CRaceReplayCamera.cpp",0057a050,0011b6c0
"Render\CRaceReplayCamera.cpp",0057a0d0,0011b6c0
"Render\CRaceReplayCamera.cpp",0057a150,0011b6c0
"Render\CRaceReplayCamera.cpp",0057a1d0,0011b6c0
"Render\CRaceReplayCamera.cpp",0057a250,0011b6c0
"Render\CRaceReplayCamera.cpp",0057a2d0,0011b6c0
"Render\CRaceReplayCamera.cpp",0057a350,0011b6c0
"Render\CRaceReplayCamera.cpp",0057a3d0,0011b6c0
"Render\CRaceReplayCamera.cpp",0057a450,0011b6c0
"Render\CRaceReplayCamera.cpp",0057a4d0,0011b6c0
"Render\CRaceReplayCamera.cpp",0057a550,0011b6c0
"Render\CRaceReplayCamera.cpp",0057a5d0,0011b6c0
"Render\CRaceReplayCamera.cpp",0057a650,0011b6c0
"Render\CRaceReplayCamera.cpp",0057a6d0,0011b6c0
"Render\CRaceReplayCamera.cpp",0057a750,0011b6c0
"Render\CRaceReplayCamera.cpp",0057a7d0,0011b6c0
"Render\CRaceReplayCamera.cpp",0057a850,0011b6c0
"Render\CRaceReplayCamera.cpp",0057a8d0,0011b6c0
"Render\CRaceReplayCamera.cpp",0057a950,0011b6c0
"Render\CRaceReplayCamera.cpp",0057a9d0,0011b6c0
"Render\CRaceReplayCamera.cpp",0057aa50,0011b6c0
"Render\CRaceReplayCamera.cpp",0057aad0,0011b6c0
"Render\CRaceReplayCamera.cpp",0057ab50,0011b6c0
"Render\CRaceReplayCamera.cpp",0057abd0,0011b6c0
"Render\CRaceReplayCamera.cpp",0057ac50,0011b6c0
"Render\CRaceReplayCamera.cpp",0057acd0,0011b6c0
"Render\CRaceReplayCamera.cpp",0057ad50,0011b6c0
"Render\CRaceReplayCamera.cpp",0057add8,0011b6c0
"Render\CRainXBOX.cpp",0057afd4,0011c0b0
"Render\CRainXBOX.cpp",0057b048,0011c210
"Render\CRainXBOX.cpp",0057b0d0,0011c210
"Render\CRainXBOX.cpp",0057b15c,0011c210
"Render\CRainXBOX.cpp",0057b1c0,0011c210
"Render\CRainXBOX.cpp",0057b230,0011c210
"Render\CRainXBOX.cpp",0057b2a4,0011d340
"Render\CRainXBOX.cpp",0057b32c,0011d340
"Render\CRainXBOX.cpp",0057b3b8,0011d340
"Render\CRainXBOX.cpp",0057b41c,0011d340
"Render\CRainXBOX.cpp",0057b48c,0011d340
"Render\CRainXBOX.cpp",0057b504,0011e380
"Render\CRainXBOX.cpp",0057b570,0011e380
"Render\CRainXBOX.cpp",0057b5f8,0011f460
"Render\CRainXBOX.cpp",0057b65c,0011f460
"Render\CRenderer.cpp",0057b940,001202c0
"Render\CRenderer.cpp",0057b9c0,00120520
"Render\CRenderer.cpp",0057ba30,00120520
"Render\CSnowX.cpp",0057c1b0,00121710
"Render\CSnowX.cpp",0057c218,00121710
"Render\CSnowX.cpp",0057c290,00122650
"Render\CSnowX.cpp",0057c2f8,00122650
"Render\CSnowX.cpp",0057c37c,001236f0
"Render\CSparksX.cpp",0057c580,001237a0
"Render\CSparksX.cpp",0057c5e4,001237a0
"Render\CSparksX.cpp",0057c650,00123840
"Render\CSparksX.cpp",0057c6b4,00123910
"Render\CSparksX.cpp",0057c718,00123970
"Render\CSparksX.cpp",0057c770,00124aa0
"Render\CSun.cpp",0057c820,00125750
"Render\CSun.cpp",0057c880,00125750
"Render\CSun.cpp",0057c8e4,00125750
"Render\CSun.cpp",0057c944,00125750
"Render\CSun.cpp",0057c9b0,00126320
"Render\CSun.cpp",0057ca1c,00126320
"Render\CTrailSystem.cpp",0057cd40,00127b30
"Render\XboxCubeMap\CCubeMap.cpp",005716e8,00101630
"Render\XboxCubeMap\CCubeMap.cpp",00571770,00101940
"Render\XboxCubeMap\CCubeMap.cpp",005717e0,00102880
"Render\XboxPipelines\CInstancedLitPipeline.cpp",0057f3e0,00133a40
"Render\XboxPipelines\CInstancedPrelitPipeline.cpp",0057f6a8,00134090
"Render\XboxPipelines\CWorldPipeline.cpp",00580d40,001364a0
"Sound\b2dist.cpp",0058985c,0014e750
"Sound\CMusic.cpp",00582598,00136b00
"Sound\CMusic.cpp",005825e4,00136b00
"Sound\CMusic.cpp",00582634,00136b00
"Sound\CMusic.cpp",00582680,00136b00
"Sound\CMusic.cpp",005826ec,00136ce0
"Sound\CMusic.cpp",00582750,00136ce0
"Sound\CMusic.cpp",00582948,00138270
"Sound\GameSound.cpp",00583adc,0013db80
"Sound\GameSound.cpp",00583c6c,0013e330
"Sound\GameSound.cpp",00583cf8,0013f8d0
"Sound\GameSound.cpp",00583d7c,0013f960
"Sound\GameSound.cpp",00583ddc,0013f960
"Sound\GameSound.cpp",00583e44,0013fac0
"Sound\GameSound.cpp",00583ea4,0013fac0
"Sound\GameSound.cpp",00583f90,00140210
"Sound\GameSound.cpp",00583ffc,00140210
"Sound\GameSound.cpp",005840e4,00140650
"Sound\HUDSound.cpp",005848bc,00142cf0
"Sound\SoundCar.cpp",00584d84,00142f50
"Sound\SoundCar.cpp",00584e1c,001431e0
"Sound\SoundCar.cpp",00584e8c,00143290
"Sound\SoundCar.cpp",00584fcc,00143290
"Sound\SoundCar.cpp",00585088,00143cf0
"Sound\SoundCar.cpp",005850d8,00143fc0
"Sound\SoundCar.cpp",00585138,00144290
"Sound\SoundCarEngine.cpp",00585250,00145300
"Sound\SoundCrash.cpp",00585b64,001459a0
"Sound\SoundCrash.cpp",00585bb8,001459a0
"Sound\SoundCrash.cpp",00585c0c,001459a0
"Sound\SoundCrash.cpp",00585c80,00145e90
"Sound\SoundCrash.cpp",00585cd8,00145e90
"Sound\SoundCrash.cpp",00585ef0,001464b0
"Sound\SoundCrash.cpp",00585fc4,001466e0
"Sound\SoundCrash.cpp",00586088,001468c0
"Sound\SoundCrash.cpp",00586318,001473d0
"Sound\SoundCrash.cpp",00586374,001473d0
"Sound\SoundCrash.cpp",005863ec,00147670
"Sound\SoundCrash.cpp",00586448,00147670
"Sound\SoundCrash.cpp",005864e0,00147920
"Sound\SoundCrash.cpp",0058653c,00147920
"Sound\SoundCrash.cpp",005865b4,00147bc0
"Sound\SoundCrash.cpp",00586610,00147bc0
"Sound\SoundCrash.cpp",00586908,00148a00
"Sound\SoundEnginePartial.cpp",00586a60,001490f0
"Sound\SoundEnginePartial.cpp",00586af8,00149260
"Sound\SoundEnginePartial.cpp",00586b88,001498b0
"Sound\SoundEnginePartial.cpp",00586bf8,00149980
"Sound\SoundFrontEnd.cpp",005870b8,0014a0b0
"Sound\SoundFrontEnd.cpp",00587138,0014a120
"Sound\SoundFrontEnd.cpp",005871a8,0014a170
"Sound\SoundFrontEnd.cpp",005872d8,0014a5b0
"Sound\SoundTraffic.cpp",00587718,0014a880
"Sound\SoundTraffic.cpp",00587770,0014a880
"Sound\SoundTraffic.cpp",005877c8,0014a880
"Sound\SoundTraffic.cpp",00587820,0014ad30
"Sound\SoundTraffic.cpp",00587878,0014ad30
"Sound\SoundTraffic.cpp",005878d0,0014ad30
"Sound\SoundTraffic.cpp",00587928,0014b820
"Sound\SoundUtils.cpp",00587dd4,0014ba00
"Sound\SoundValueDB.cpp",00588240,0014baf0
"Sound\VoiceManager.cpp",00589530,0014d370
"Sound\VoiceManager.cpp",005895b0,0014d370
"Sound\VoiceManager.cpp",00589618,0014d830
"Sound\VoiceManager.cpp",00589688,0014db70
"Sound\VoiceManager.cpp",00589708,0014db70
"Sound\VoiceManager.cpp",00589790,0014db70
"Toolkits\CAsyncLoadManager.cpp",00589a58,0014e8b0
"Toolkits\CAsyncLoadManager.cpp",00589ae0,0014e8b0
"Toolkits\CAsyncLoadManager.cpp",00589b60,0014ee20
"Toolkits\CAsyncLoadManager.cpp",00589be0,0014ee20
"Toolkits\CAsyncLoadManager.cpp",00589c40,0014ee20
"Toolkits\CForceFeedback.cpp",00589f98,0014f2b0
"Toolkits\CForceFeedback.cpp",0058a018,0014f2b0
"Toolkits\CForceFeedback.cpp",0058a0b0,0014f400
"Toolkits\CForceFeedback.cpp",0058a120,0014f400
"Toolkits\CForceFeedback.cpp",0058a1c0,0014f460
"Toolkits\CForceFeedback.cpp",0058a240,0014f460
"Toolkits\CForceFeedback.cpp",0058a2c0,0014f730
"Toolkits\CForceFeedback.cpp",0058a340,0014f730
"Toolkits\CForceFeedback.cpp",0058a3b0,0014f7b0
"Toolkits\CForceFeedback.cpp",0058a430,0014f7b0
"Toolkits\CForceFeedback.cpp",0058a4c0,0014f860
"Toolkits\CForceFeedback.cpp",0058a540,0014f860
"Toolkits\CForceFeedback.cpp",0058a5d0,0014f910
"Toolkits\CForceFeedback.cpp",0058a650,0014f910
"Toolkits\CForceFeedback.cpp",0058a6e0,0014f9c0
"Toolkits\CForceFeedback.cpp",0058a760,0014f9c0
"Toolkits\CForceFeedback.cpp",0058a7f0,0014fbc0
"Toolkits\CForceFeedback.cpp",0058a870,0014fbc0
"Toolkits\CInput.cpp",0058acf0,0014ff00
"Toolkits\CInput.cpp",0058ad58,0014ff00
"Toolkits\CInput.cpp",0058add0,0014ff00
"Toolkits\CInput.cpp",0058ae34,0014ff00
"Toolkits\CInput.cpp",0058aeac,0014ffe0
"Toolkits\CInput.cpp",0058af14,0014ffe0
"Toolkits\CInput.cpp",0058af8c,001500e0
"Toolkits\CInput.cpp",0058aff4,001500e0
"Toolkits\CInput.cpp",0058b06c,00150600
"Toolkits\CInput.cpp",0058b0f8,00150600
"Toolkits\CInput.cpp",0058b180,00150600
"Toolkits\CMemoryCard.cpp",0058b408,00150ea0
"Toolkits\CMemoryCard.cpp",0058b488,00150f80
"Toolkits\CMemoryCard.cpp",0058b508,00151070
"Toolkits\CMemoryCard.cpp",0058b588,001510b0
"Toolkits\CMemoryCard.cpp",0058b608,001510f0
"Toolkits\CMemoryCard.cpp",0058b678,001510f0
"Toolkits\CMemoryCard.cpp",0058b6e8,001511c0
"Toolkits\CMemoryCard.cpp",0058b750,00151210
"Toolkits\CMemoryCard.cpp",0058b7b8,00151210
"Toolkits\CMemoryCard.cpp",0058b838,001514a0
"Toolkits\CMemoryCard.cpp",0058b8b8,00151510
"Toolkits\CMemoryCard.cpp",0058b928,00151510
"Toolkits\CMemoryCard.cpp",0058b9a8,001515b0
"Toolkits\CMemoryCard.cpp",0058ba10,001518d0
"Toolkits\CMemoryCard.cpp",0058ba78,001518d0
"Toolkits\CMemoryCard.cpp",0058bae0,00151a80
"Toolkits\CMemoryCard.cpp",0058bb60,00151bc0
"Toolkits\CMemoryCard.cpp",0058bbc8,00151bc0
"Toolkits\CMemoryCard.cpp",0058bc48,00151d70
"Toolkits\CMemoryCard.cpp",0058bcb0,00151d70
"Toolkits\CMemoryCard.cpp",0058bd30,001520b0
"Toolkits\CMemoryCard.cpp",0058bd98,001520b0
"Toolkits\CMemoryCard.cpp",0058be18,00152230
"Toolkits\CMemoryCard.cpp",0058be80,00152230
"Toolkits\CMemoryCard.cpp",0058bf48,00152520
"Toolkits\linearmalloc.cpp",0058c608,00154180
"Toolkits\linearmalloc.cpp",0058c680,001541f0
"Toolkits\RwUtils.cpp",0058c428,00153c30
"Toolkits\RwUtils.cpp",0058c4d0,00153d80
"Toolkits\RwUtils.cpp",0058c578,00153e30
