ps2_real_address,class,method_signature,source_file,profiling_offset
0012ec60,CB3ControllerMapping,GetBoost(),,192
0012ee60,CB3ControllerMapping,GetGearDown(),,192
0012ef20,CB3ControllerMapping,GetGearUp(),,192
0012f0e0,CB3ControllerMapping,GetAftertouch(),,192
0012f290,CB3ControllerMapping,GetSteering(),,192
0012f440,CB3ControllerMapping,GetBrake(),,192
0012f550,CB3ControllerMapping,GetAccelerator(),,192
0012f980,CB3DebugManager,"RenderPerfMonDataCallback(const char*,float,float,float,bool)",,192
00130090,CB3DebugManager,"DrawCross(GtMathPs2::CGtV3d,float,GtMathPs2::CGtV4d)",,208
00130560,CB3DebugManager,Prepare(),,192
001305e0,CB3DebugManager,Construct(),,192
00130c40,CB3FrontEnd,Prepare(),B3FrontEnd.cpp,0
001312a0,CGtDictionary<CGtTexture>,GetAt(int),,192
001312c0,CB3Game,Is2PlayerSplitScreen(),,192
00131380,CB3Game,IsCrashMode(),,192
00132800,CB3Game,Prepare(),B3Game.cpp,0
00132f20,CB3Game,Construct(),B3Game.cpp,0
00133890,CB3GameMode,Prepare(),,208
00134d20,CB3Player,Prepare(),,208
00134d70,CB3Player,Construct(int),,208
00134db0,CB3ProfileManager,Prepare(),B3Profile.cpp,0
00135470,CB3ProfileManager,Construct(),,208
00135720,CB3Profile,EvaluateGameCounts(),,208
00135930,CB3Profile,EvaluateFavourites(),,208
00135a30,CB3Profile,EvaluateMedals(),,208
00136480,CB3Profile,WillTrophyUnlock(int),,208
00136740,CB3Profile,WillCheatUnlock(int),,208
00136870,CB3Profile,WillPlayerCarUnlock(int),,208
00136af0,CB3Profile,EvaluateTrackUnlocking(),,208
00136c40,CB3Profile,EvaluateChallengeUnlocking(),,208
00137a40,CB3Profile,UnlockAll(),,208
00137bd0,CB3Profile,Evaluate(),,208
001388c0,CB3Profile,"GetTakeDownTotal(unsigned long,bool)",,208
00138af0,CB3Profile,FindStageIDFromProgressionIndex(int),,208
00139320,CB3ProfileCalcuatedData,Prepare(),,208
00139500,CB3ProfileStoredData,Prepare(),,208
001396e0,CB3ProgressionManager,Update(),,192
00139c70,CB3AsyncDataLoader,"QueueLoadRequest(const char*,bool*,void*,unsigned int)",,208
00139fd0,CB3AsyncDataLoader,Update(),B3AsyncDataLoader.cpp,0
0013a190,CB3AsyncDataLoader,Construct(),B3AsyncDataLoader.cpp,0
00143040,CB3AILane,"WalkLanesToFindPosition(unsigned short*,GtMathPs2::CGtV3d)",,208
00143c80,CB3AILane,"UpdateSegmentIndex(unsigned short*,signed char)",,208
00143d90,CB3AILane,"FindClosestAILaneSegment(CB3AILane**,unsigned short*,signed char*,GtMathPs2::CGtV3d,signed char)",,208
00144400,CB3AILane,"UpdateCurrentAILaneSegment(CB3AILane**,unsigned short*,signed char*,float*,GtMathPs2::CGtV3d,bool)",,208
001447b0,CB3AILane,"GetAvgForwardsVector(unsigned short,GtMathPs2::CGtV3d*) const",,208
00144de0,CB3AILane,"IsInSegment(GtMathPs2::CGtV3d,unsigned short) const",,208
00145730,CB3AILane,"CalculateForwardDistanceInSegment(GtMathPs2::CGtV3d,unsigned short)",,208
0014afe0,CB3Burn,RegisterStaticVariables(),,208
0014b1f0,CB3GameData,GetNumSplitTimeCheckpoints(),,208
0014b210,CB3GameData,GetNumStartLines(),,208
0014b530,CB3GameData,SetStageID(unsigned long),,192
0014b540,CB3GameData,SetGameDataFileName(char*),,192
0014ced0,CB3RaceCar,UpdateLastPositions(),,192
0014d0f0,CB3RaceCar,Register(),B3RaceCar.cpp,0
0014d2d0,CB3RaceCar,SetCarID(unsigned long),,192
0014d330,CB3RaceCar,"ResetCarInAILanes(bool,int,int)",,192
0014d830,CB3RaceCar,RepositionCarInLane(),,192
0014dac0,CB3RaceCar,"FindResetPointInSlice(bool,CB3AILane*,int,CB3AILane**,unsigned short*)",,192
0014dc50,CB3RaceCar,CalcRaceDistFromRaceCars(),,192
0014e370,CB3RaceCar,UpdateAggressiveReaction(),B3RaceCar.cpp,0
0014ec10,CB3RaceCar,Update(),B3RaceCar.cpp,0
0014ef00,CB3RaceCar,Prepare(),B3RaceCar.cpp,0
00150c50,CB3CrashReplayFrame,RetrieveDrivingControls(CDrivingControls*),,192
00150d60,CB3CrashReplayFrame,"ArchiveDrivingControls(CDrivingControls*,unsigned char)",,192
00150e20,CB3ReplayFrame,RetrieveDrivingControls(CDrivingControls*),,192
00150eb0,CB3ReplayFrame,"ArchiveDrivingControls(CDrivingControls*,unsigned char)",,192
00151180,CB3ReplaySystem,"NextFrame(CDrivingControls*,bool)",,192
00151c60,CB3Score,SlammedSomeoneWithinTime(float),,192
00151ca0,CB3Score,WasSlammedWithinTime(float),,192
00156130,CB3Score,GetTotalRaceDistFromStartPos(),,176
0015bfe0,CB3TrafficParam,RemoveFromTrafficLights(),,224
0015eca0,CB3TrafficSystem,AddToDeadTrafficParamList(CB3TrafficParam*),,256
00162c00,CB3TrafficVehicle,StartCrashing(),B3TrafficVehicle.cpp,0
00163080,CB3TrafficVehicle,"ApplyNiceOncomingBehaviour(CB3TrafficRaceCarInfo*,int,float)",B3TrafficVehicle.cpp,0
00163760,CB3TrafficVehicle,"DoTrafficBehaviour(CB3TrafficRaceCarInfo*,int)",B3TrafficVehicle.cpp,0
00167be0,CB3World,UpdateSound(),,208
00197a70,CB3VehiclePhysics,Prepare(),,0
00197ac0,CB3VehiclePhysics,Construct(),,192
001d9af0,CB3InputManager,Construct(),,224
001d9ec0,CGtInputManagerPS2Pad2,SetPause(bool),,208
001d9f10,CGtInputManagerPS2Pad2,GetPadControls(EGtPS2InputPort),,256
001d9fe0,CGtInputManagerPS2Pad2,GetConnectedDeviceID(EGtPS2InputPort),,176
001da290,CGtInputDevicePS2DualShock2,Update(),,144
001dcaf0,CGtFSM,"StateLeave(CGtState*,void*)",,208
001dcc80,CGtFSM,Update(),GtFSM.cpp,0
001dd0c0,Gt2dRenderer,SetTextureAddressMode(Gt2dRenderer::EGt2dRendererTexAddress),,240
001de170,Gt2dRenderer,"RenderTriStripFlatTex(GtMathPs2::CGtV4d,const GtMathPs2::CGtV2d&,int,const GtMathPs2::CGtV2d*,const GtMathPs2::CG",,208
001eb3c0,CB3GraphicsManager,SetVideoModeParams(RwSkyVideoMode*),,256
001f21c0,CGtNATDataManager,UnregisterPlayer(int),,208
00224500,CB3EffectsManager,Release(),,160
00227630,CB3Bloom,SetRenderstates(),,240
002276a0,CB3Bloom,"Render(bool,bool)",,240
002276d0,CB3Bloom,"Render(bool,bool)",,192
00227700,CB3Bloom,"Render(bool,bool)",,144
00242350,CB3SoundCrashManager,"DeformBonnet(GtMathPs2::CGtV3d,float)",,208
00242460,CB3SoundCrashManager,"DeformBoot(GtMathPs2::CGtV3d,float)",,208
002a28c0,CB3BehaviourOffset,Prepare(void*),,256
002a28e0,CB3BehaviourOffset,Prepare(void*),,224
002a2900,CB3BehaviourOffset,Prepare(void*),,192
002f12f0,CGtLobbyPS2DirtySock,"_UsersStatsCallback(DirtySock::LobbyApiRefT*,DirtySock::LobbyApiMsgT*,void*)",,240
003239d0,CB3OnlineBuddiesMenuPage,UpdateBuddyList(),,256
003356a0,CB3OnlineRecordsDisplayMenuPage,ScrollUsersCountryAndCarBuffer(int),,176
00371710,CGtCollisionKDTree,SphereBBoxTest(GtMathPs2::CGtSphere) const,,144
00376020,CB3CrashNavPage,"UpdateHeadingAndHelpBar(bool,bool)",,176
0039a300,CB3HardCodedCrashStageList,"IsChallengeOnThisCircuit(EB3TrackRegion,int,int)",,160
0039a3a0,CB3HardCodedCrashStageList,"IsCorrectRegion(EB3TrackRegion,int)",,240
0039a420,CB3HardCodedCrashStageList,"GetCrashStageName(int,bool)",,256
0039a440,CB3HardCodedCrashStageList,"GetCrashStageName(int,bool)",,224
0039a460,CB3HardCodedCrashStageList,"GetCrashStageName(int,bool)",,192
0039a480,CB3HardCodedCrashStageList,FindCrashStageName(unsigned long),,192
0039a4f0,CB3HardCodedCrashStageList,FindCrashStage(unsigned long),,208
0039a510,CB3HardCodedCrashStageList,FindCrashStage(unsigned long),,176
0039c1e0,CB3MyBurnoutRecordsState,"Action(EGtStateAction,void*,void*,void*)",,224
00141c80,CB3AIDriver,CalculateSteerAngle(),,208
00227680,CB3Bloom,SetRenderstates(),,160
0022a720,CB3NetworkCarPhysics,Update(float),,144
00277020,CB3StopJunction,"Update(bool,float)",,208
0027bcc0,CB3EnvironmentManager,RenderBackdropTexture(),,224
002ce7f0,CB3MenuPageManager,Construct(),,176
002cfec0,CB3MenuFlowFSM,SetInitialMenuState(),,208
002e5580,CB3OnlineJoinGamePage,"Prepare(char*,char*,char*,int,bool)",,144
002e8c20,CB3AIAggressionBehaviour,FindTarget(),,256
0031e1e0,CB3StageSelectState,"Action(EGtStateAction,void*,void*,void*)",,256
0035ea00,CB3ImageVignette2dObject,"_Render(const CGt2dObject::CGt2dObjectSpace&,const void*)",,208
0039cf40,CB3MyBurnoutProfileLoadPage,"SetMenuOptions(CB3MyBurnoutProfileLoadPage::EMenuOptions,int)",,224
0013d680,CB3AIAvoidance,GenerateTarget(),,208
0014dde0,CB3RaceCar,SetFinished(EB3ScoreFinishState),,192
00151a20,CB3Score,SetFinished(EB3ScoreFinishState),,192
0024c040,CB3SoundGameModeManager,Prepare(),,240
0024c5b0,CB3SoundListener,Update(),,208
002fc4e0,CB3EndOfRaceState,"AddRaceTimes(CB3ResultsPage*,bool)",,176
002ff7f0,CB3OnlineSelNetConfigPage,Update(),,256
0030d520,CB3CrashCameraDirector,UpdateCrashMode(float),,256
0031ffb0,CB3OnlineRankingsState,"Action(EGtStateAction,void*,void*,void*)",,176
003403c0,CB3OnlineLobbySelectPage,Update(),,144
00352100,CB3OnlineGameCreateOptionsPage,Prepare(),,240
0036d1d0,CB3RoadRageResultsPage,PrepareTable(),,208
001fcb60,CB3NetworkPlayer,BandwidthIsAvailableForCrashingTraffic(),,208
00249cd0,CB3HUDSoundManager,Construct(),,224
0024fc20,CB3SoundSkidModel,Prepare(),,224
0024fda0,CB3SoundSkidModel,Construct(),,160
002bb230,CB3SoundDistortion,"CalculateGainPair(float,float,bool,float*,float*)",,224
002bf070,CB3BehaviourTrackSide,Prepare(void*),,176
002cb800,CB3BoostEffectParams,"GetRadialBlurParams(CB3RadialBlurParams*,CB3PlayerCar*,CB3PlayerCameraManager*) const",,144
00309e60,CB3ConnectionAnimationComponent,Update(float),,160
0030a2f0,CB3ConnectionAnimationComponent,Construct(),,0
0034ec50,CB3StageLogic,UpdateCarDamage(),,256
003513f0,CB3OnlineGameCreateOptionsPage,OnKeyboardCancel(),,192
003515e0,CB3OnlineGameCreateOptionsPage,UpdateScroll(),,160
0036a130,CB3GlobeComponent,Update(float),,240
00377230,CB3AwardPresentationPage,PrepareTrackRecords(int),,176
003783a0,CB3EventFinishedState,"Action(EGtStateAction,void*,void*,void*)",,144
00130680,CB3FrontEnd,SetInitialMenu(unsigned long),,192
001342c0,CB3OnePlayerStage,Prepare(),,208
00134c70,CB3Player,ResetLastInputTime(),,208
00139950,CB3TwoPlayerSplitScreenStage,Prepare(),,208
001409a0,CB3AICar,Prepare(),,208
00142840,CB3AIDriver,Prepare(),,208
0016c880,CB3HUD,Update(float),,0
002485e0,CB3SoundScrape,UpdateScrape(int),,160
0024ab20,CB3SoundESMHigh,"Prepare(unsigned long,int)",,192
0024ad00,CB3SoundESMHigh,Construct(),,224
0024ad70,CB3SoundESM,"ModulateRpm(CB3SoundESMGraphInputs&,const CB3RaceCar*)",,176
0024d5b0,CB3SoundAICar,"Update(const CB3RaceCar*)",,176
002c32c0,CB3StreamedTrack,UpdateStreamHighFSM(),,160
002c36d0,CB3StreamedTrack,"Prepare(bool,int)",,240
002cb630,CB3BoostEffectParams,"SetViewportEffects(CB3ViewportParams*,CB3PlayerCar*)",,208
002ffce0,CB3OnlineSelNetConfigPage,Prepare(),,0
00300540,CB3OnlineConnectingPage,Prepare(int),,192
00361f10,CB3SatNavComponent,UpdatePanel(float),,192
00131450,CB3Game,RequestNewGameMode(CB3GameMode*),,192
001392e0,CB3ProfileInGameData,CacheCurrentProfile(CB3Profile*),,208
00225320,CB3SparkRenderer,"UploadStaticDataAndCallCode(const CB3SparkArray*,bool)",,0
002bae70,CB3SoundDSPDataBlock,"ProcessB2Distortion(short*,short*)",,240
002eb880,CB3StaticTrack,Prepare(),,160
002eeca0,CB3DemoPauseState,"Action(EGtStateAction,void*,void*,void*)",,144
002efb40,CB3DemoRaceResultsPage,Update(),,208
002fc8d0,CB3RaceFinishedPage,PrepareTable(),,256
003028e0,CB3OnlineLoginToLobbyState,ShowNetworkError(),,144
0030ad30,CB3CrashAnalyser,Update(float),,192
0033a1b0,CB3OnlineOptimatchMenuPage,BuildListOfGames(),,208
00340160,CB3Button2dObject,Construct(),,240
00342060,CGtSoundManager,StopAll(),,192
00379480,CB3AwardPresentationState,"Action(EGtStateAction,void*,void*,void*)",,0
0037be20,CB3PartyCrashSetupState,"Action(EGtStateAction,void*,void*,void*)",,176
001337d0,CB3GameMode,Destruct(),,192
00134510,CB3OnlineStage,Release(),,208
00134600,CB3OnlineStage,Render(),,208
0016af80,CB3GraphicsManagerBase,SetViewportsSinglePlayer(),,240
0016b010,CB3GraphicsManagerBase,SetDefaultLODSwitchDistances(),,240
001dccc0,Gt2dRenderer,EnableZTest(bool),,256
0022c250,CB3TrafficDataStruct,Fixup(unsigned int),,224
0022e720,CB3NetworkManager,ResetDNASStatus(),,256
002cc290,CB3MenuChoices,RequestMShowDemoGameMode(),,208
002d35d0,CB3OnlineLobbyPage,OnKeyboardShow(),,144
002ee880,CB3DemoRaceInfoState,"Action(EGtStateAction,void*,void*,void*)",,192
003097e0,CB3TextComponent,"Prepare(const GtMathPs2::CGtV2d&,const GtMathPs2::CGtV2d&,const GtMathPs2::CGtV2d&,const GtMathPs2::CGtV2d&,c",,208
00316cc0,CB3SFIOCallbacks,SFIOGetTerritoryCallback(),,224
00317070,CB3SFIOCallbacks,"SFIOWriteCallback(int,const void*,unsigned int)",,256
00317330,CB3SFIOCallbacks,"SFIOOpenCallback(const char*,const char*,SFIODeviceE,unsigned int)",,176
003176e0,CB3SFIOCallbacks,"SharedNetworkLoginSavePrepare(char*,char*)",,160
00338020,CB3PageTextComponent,HideSelectionBar(),,176
003793f0,CB3OnePlayerModeSelectState,SetupGameModeSelect(),,256
0039a3e0,CB3HardCodedCrashStageList,"IsCorrectRegion(EB3TrackRegion,int)",,176
0039a4a0,CB3HardCodedCrashStageList,"FindCrashStageName(unsigned long)",,160
0039aa40,CB3HardCodedRaceStageList,"IsChallengeOnThisCircuit(EB3TrackRegion,int,int)",,144
002f9300,CB3TableComponent,Release(),,208
002fb170,CB3PausePage,"UpdateSubStateMakeChoice(CB3ControllerMapping*)",,160
00309400,CB3OnScreenKeyboardComponent,Construct(),,208
00309620,CB3TextComponent,"Prepare(const GtMathPs2::CGtV2d&,const GtMathPs2::CGtV2d&,const unsigned short*,float,bool,float,unsigned int",,192
0030ab70,CB3DNASPage,Prepare(),,240
00320750,CB3OnlineBuddiesState,"Action(EGtStateAction,void*,void*,void*)",,256
00332260,CB3CrashResultsPage,Update(),,192
00337ee0,CB3OnlineCrashRecordsMenuPage,Prepare(int),,176
003479f0,CB3OfflineLapEliminatorLogic,"OnRaceCarStartNewLap(CB3RaceCar*)",,160
0036fae0,CB3VOptionsSelectComponent,Release(),,256
00385ce0,CB3HUDPrimaryMessageHandler,CreateScoreObject(int),,144
0014af60,CB3Burn,Construct(),,208
001578d0,CB3FinishedScore,Prepare(int),,176
00251350,CB3SoundCrashedTraffic,StartBassVoices(),,256
002adae0,CB3SoundRaceCarManager,RequestRaceCar(EB3RaceCarType),,240
00319d70,CB3CrashCombo,"OnCrashStart(const CB3CrashStartInfo*)",,208
00319ff0,CB3CrashCombo,UpdateCollidingPairs(),,208
0031a1d0,CB3CrashCombo,ResetData(),,144
00335150,CB3OnlineTrackRecordsMenuPage,Update(),,240
0034e580,CB3OfflineStageLogic,Prepare(),,240
00350130,CB3OnlineOpenLobbyPage,OnKeyboardCancel(),,240
003765e0,CB3PostEventPage,Prepare(bool),,144
0012ed00,CB3ControllerMapping,GetLookBack(),,192
0013d5d0,CB3AIAvoidanceMap,Prepare(CB3AICar*),,208
00140400,CB3AICar,UpdateAttributes(),,208
00140780,CB3AICar,StopCrashing(),,208
00145c80,CB3AITarget,ResetTarget(),,208
00149d10,CB3AITarget,ResetCornerStatus(),,208
0014cae0,CB3PlayerCar,StopCrashing(),,192
0014cde0,CB3PlayerCar,Prepare(),,192
0014dfb0,CB3RaceCar,StopCrashing(),,192
0016c260,CB3HUDSpriteUVs,"Construct(const GtMathPs2::CGtV2d&,const GtMathPs2::CGtV2d&,const GtMathPs2::CGtV2d&,unsigned int)",,208
0016cba0,CB3HUDManager,PrepareCrashComponents(),,144
0024d910,CB3SoundPlayerCar,"UpdateRoadNoise(const CB3RaceCar*)",,208
002ee7f0,CB3DemoRaceInfoPage,Prepare(),,160
0033f990,CB3DPad2dObject,"Prepare(const GtMathPs2::CGtV2d&,const GtMathPs2::CGtV2d&,unsigned int)",,160
0037e2d0,CB3CrashScore,CalcPlayerMultiplier(int),,256
0037e460,CB3CrashScore,CalcCrashCarsScore(int),,240
0039e6f0,CB3MyBurnoutProfileSavePage,OnKeyboardDone(),,208
002cfd70,CB3MainMenuState,"Action(EGtStateAction,void*,void*,void*)",,144
002d8ec0,CB3HeadingComponent,"SetAwardHeadingString(const unsigned short*)",,240
002eb110,CB3DemoSelectState,"Action(EGtStateAction,void*,void*,void*)",,224
0031dcc0,CB3StageSelectPage,PrepareChampionshipSelection(int),,176
0031f0e0,CB3ScoreBonus,OnCrashEscape(int),,176
00332e00,CB3PlayerCameraStateEditor,"Action(EGtStateAction,void*,void*,void*)",,176
00357b20,CB3OnlineGameOptionsPage,GenerateRandomJunction(),,144
003a7600,CB3OnlineEndOfRaceState,"DealWithSecondResultsPageEvent(EGtStateAction,void*,void*,void*)",,208
003a80b0,CB3OnlineEndOfRaceState,"Action(EGtStateAction,void*,void*,void*)",,256
003c5f60,CB3MemCardControllerBase,"Save(unsigned int,unsigned short*,int)",,160
0016fbb0,CB3HUDSpeedo,Update(float),,176
00229550,CB3TrafficValve,"UpdateGeneration(int,int,unsigned short,float)",,208
0024ced0,CB3SoundManager,Prepare(),,144
002d0750,CB3OnlineLobbyState,HandleInLobbyEvents(EB3MenuFlowFSMEvents),,160
00355c80,CB3EventSummaryComponent,"PrepareOnlineWaitForPlayers(bool,bool)",,224
0035cae0,CB3HUDCrashStyle,Update(float),,224
0036df60,CB3ChampionshipChallenge,OnChallengeRestart(),,240
00376be0,CB3PostEventRewardsPage,Update(),,160
0016de80,CB3HUDScore,"ShowScore(CB3HUDScore::EScoreEvent,int)",,240
001dfa50,CB3MenuInput,"Update(float,CB3ControllerMapping*)",,224
002f1170,CB3DemoTitleScreenState,"Action(EGtStateAction,void*,void*,void*)",,192
002fece0,CB3OnlineOpenConnectionState,"Action(EGtStateAction,void*,void*,void*)",,240
0034b660,CB3OnlineStageLogic,UpdateWaitInitCountdownHost(),,224
0035e5b0,CB3ReplaySymbolComponent,Release(),,160
00386d90,CB3HUDImpactTime,Update(float),,240
003a0500,CB3MyBurnoutRecordsPage,Update(),,208
003a7410,CB3RewardImageComponent,"GetUnlockedRewardString(EB3RewardImageType,int)",,224
00332600,CB3CameraEditor,"LoadMungedKeyFrames(void*,EB3KeyFrameType)",,176
002f10d0,CB3DemoTitleScreenPage,Prepare(),,240
0031c2d0,CB3BuddyDisplayComponent,SendingMail(char*),,144
003350d0,CB3ScrapeRenderer,Construct(),,192
003478b0,CB3OfflineBurningLapLogic,Prepare(),,144
0034c1a0,CB3OnlineTurnBasedCrashLogic,GetResultsPageType(),,240
0034cc40,CB3OfflineSingleCrashLogic,StartReplay(),,144
0037c490,CB3OPMDemoTitleScreenState,"Action(EGtStateAction,void*,void*,void*)",,240
003a3610,CB3MyBurnoutSettingsControllerPage,Prepare(),,208
003a3dc0,CB3MyBurnoutSettingsScreenPosPage,Prepare(),,144
003a44c0,CB3MyBurnoutProfileCreateNewPage,OnKeyboardDone(),,208
003a9e30,CB3OnlineCrashResultsPage,SetPrompts(unsigned int),,256
00150920,CB3RacePosition,Update(),,192
00159520,CB3SplitTimeCheckpoint,Prepare(CB3PlanarTriggerStruct*),,176
00159720,CB3StartFinishLine,"Prepare(CB3PlanarTriggerStruct*,bool)",,160
0016bac0,CB3HUDComponent,"Prepare(int,int,int,int,EHUDAlign,int)",,208
001f21d0,CGtNATDataManager,UnregisterPlayer(int),,192
00225cb0,CB3SparkArray,Prepare(),,208
00225d90,CB3SparkArray,Construct(ESparkArrayID),,176
00225e90,CB3SparkArray,"CSparkBank::Construct(const CB3SparkArrayParams*,bool)",,224
00249f70,CB3SoundESMLow,Release(),,240
002cbff0,CB3MenuComponents,Construct(),,160
002de3c0,CB3VSelectComponent,"PrepareItem(int,float,bool)",,208
0014c890,CB3NetworkCar,PrepareSound(),,192
0016a2f0,CB3WrongWayWall,Prepare(),,192
0016a9f0,CB3AIArbitrator,Prepare(),,256
00173e30,CB3NetworkPlayerStartCountdownMessage,"Retrieve(int*,float*,int*)",,224
002cc260,CB3MenuChoices,RequestMShowDemoGameMode(),,256
002cc420,CB3TrackMaterial,FixUp(),,224
003482f0,CB3OfflineRoadRageLogic,"OnRaceCarCollision(ERaceCarCollisionType,CB3RaceCarPhysics*,CB3RaceCarPhysics*,float)",,144
00348cb0,CB3OnlineCompCrashLogic,"GetGameModeScore(int,const CB3FinishedScore*,int*,int*)",,256
00349f40,CB3OnlineRoadRageRaceLogic,"OnRaceCarFinished(CB3RaceCar*,EB3ScoreFinishState)",,224
0034af20,CB3OnlineStageLogic,UpdateAftermath(),,192
001505b0,CB3RacePosition,Draw(int),,192
00150bc0,CB3RacePosition,Prepare(),,192
0022c1e0,CB3TrafficLanesStruct,Fixup(unsigned int),,192
0022d900,CB3TrackRenderer,"SetMaterial(const CB3TrackMaterial&)",,208
0024f290,CB3SoundSkidModelGraph,"CalcVolumeOutput(float,float&) const",,160
002b7b60,CB3CameraAttribsCar,RegisterVariables(),,160
002b7d30,CB3CameraAttribsCar,Release(unsigned long),,256
00309cc0,CB3TableSelectComponent,"Prepare(int,CGt2dObjectTable*,const CB3MenuComponentSelectionData*)",,208
00334240,CB3NetworkReplayBodyMessage,Retrieve(unsigned char*),,224
00378860,CB3PostEventRewardsState,"Action(EGtStateAction,void*,void*,void*)",,192
003a0350,CB3MyBurnoutProgressPage,Prepare(),,208
003c3550,CB3OnlineUploadResultsPage,Update(),,144
0015a870,CB3TrafficAxle,InitalisePosition(CB3TrafficVehicle*),,176
0015b400,CB3TrafficLane,"DoesNeighbourExist(int,ESegmentNeighbourTypes)",,208
002a74b0,CB3PlayerCameraStateInactive,"Action(EGtStateAction,void*,void*,void*)",,208
002b9900,CB3RadialBlur,"Downsample(unsigned long,unsigned long,unsigned long,unsigned long,int,int,int,int)",,144
002c8140,CB3CoronaDynamicArray,EndUpdate(),,240
002ca370,CB3VehicleReflectivityData,Release(),,192
002ecf30,CB3BodyPartPhysics,Construct(),,208
0032fe30,CB3BehaviourInterpolate,Construct(CB3PlayerCameraManager*),,208
00349760,CB3OnlineCoOpCrashLogic,OnWorldPrepared(),,192
0039b280,CB3HardCodedVehicleList,"GetRaceVehicleString(int,bool)",,256
